temperature,humidity,noise_level,aqi,wind_speed,lighting,oxygen_concentration,co2_concentration,air_pressure,air_flow_speed,air_pollutants,over_discomfort
23.7,68.5,66.6,109.9,0.48,240.4,19.6,437,993.3,0.46,65.1,1
20.6,61.7,76.9,50.1,1.99,655.7,20.4,602,997.3,0.72,61.2,1
21.4,48.8,48.3,95.6,1.61,279.7,20.3,854,981.9,1.29,17.1,0
20.7,68.5,78.3,130.8,0.75,187.9,20.5,716,1007.3,1.3,83.3,1
21.7,51.7,39.1,125.5,0.97,287.1,20.4,826,1018.8,1.6,93.9,1
28.9,57.9,76.1,58.8,0.55,140.7,20,687,1001.6,1.26,96.5,1
26.1,48.3,44.8,66.5,0.23,481.1,20.1,997,980.2,1.67,70.7,1
27.3,63.1,33.7,85.8,0.41,876.8,20.4,382,982.5,0.76,32.5,1
27.3,59.1,74.4,97.2,0.42,741.9,20.6,567,989.4,0.66,4,1
27.1,43.3,52,70.2,1.81,527.8,20.3,834,990,0.94,75.6,1
22.3,42.3,44.5,66.1,1.87,827.3,20.5,995,998.3,0.59,41.7,0
28.8,49.7,36.1,85.6,1.83,344.9,20.5,982,1012.7,1.75,0.7,1
25.1,52.5,41.1,62,0.81,948.6,20,957,1002.3,0.93,6.5,1
22.5,47.4,64.8,121.2,0.47,998,19.9,351,1000.1,0.29,27.9,1
29.1,47.2,37.2,98.9,1.97,317.8,20.5,552,994.8,0.64,80.3,1
24.7,69.5,49.9,131.6,1.64,235.6,20.3,813,981.6,1.26,67.8,1
20.2,55.4,41.3,114.5,0.51,721.8,20.1,687,1013.5,1.42,73.5,1
22.1,56.2,64.8,72.9,0.51,984,20.3,351,1019.9,1.94,55.8,1
28.8,45.7,43.9,120,1.72,870.7,20.1,977,983.4,0.49,89.9,1
26.1,40.3,35.1,116.4,0.21,244.7,20.3,512,1006.1,0.6,71.2,1
22.4,49.8,67.3,115,1.73,691.9,20.4,809,1000.4,1.35,25,1
25.9,69.4,54.3,140.6,0.98,415.1,20.5,830,987.8,1.5,28.1,1
20.2,59.4,38.9,144,1.92,923.4,20.1,386,1017.1,0.97,96.7,1
29.6,65.6,44.7,88.5,1.73,385.2,19.8,915,1007.8,1.23,9.7,1
26.2,69.7,37,101.8,1.78,766.7,20.5,595,994.4,0.73,80.9,1
28.1,66,75.7,101.1,1.1,818.5,20.5,861,995.9,0.29,88.7,1
20.3,57.4,51.9,117.2,0.79,239.5,21,499,1003.6,0.25,3.7,1
28.2,50.8,36.4,102.2,1.59,294.2,20.4,545,1013.7,0.55,41.1,1
27,44.2,36.6,147,1.49,137,20.1,953,1009.8,0.65,18.4,1
20.8,52.8,64.4,55.8,1.85,498.1,19.9,467,1008.6,1.39,28,1
29.5,62.1,57.7,111.2,0.96,323,20,435,980.6,0.41,4.6,1
20.4,65.7,65.2,97.4,0.38,542.5,20.2,638,998.6,1.37,4.8,1
29.5,66.6,43,51.5,1.88,550.9,20.3,865,1004.6,1.9,94.4,1
28.7,59.1,70,117.7,1.23,215.7,20.7,776,1017.7,0.89,96.1,1
29.1,45.9,33.5,60.1,0.23,185,20.5,439,992.8,1.72,2.3,1
28.1,48.5,35.9,119.7,1.33,889.7,20.6,626,1018.7,1.19,42.3,1
25.7,57.3,66.6,62.8,0.65,622.5,20.8,386,989.5,1.42,74,1
22.4,51.3,56.7,99.7,0.9,367.9,19.6,961,980.4,1.83,9.1,0
23.2,68.5,77.5,107.3,1.34,503.6,19.9,374,1002.1,0.58,94.6,1
27.8,43.4,76.5,147.4,1.99,150.3,20.6,584,1008.2,1.94,68.8,1
28.4,66,71.9,92.6,0.6,457,20.8,543,983.3,0.35,98.7,1
23.7,51.1,70.6,144.7,1.97,778,20.1,764,999.3,0.88,70.5,1
22.5,49.9,51.7,75.4,0.93,614.3,20.6,805,984.7,1.37,74.6,0
25.8,68.9,48.7,78.6,1.76,301.2,20.9,905,1019.1,1.2,32.3,1
20.4,67.7,76,75.3,1.45,167.9,19.7,654,1007.8,1.02,62.8,1
25.8,67,32.3,78.1,1.91,901.2,20.2,722,991.1,0.54,46.4,1
23.5,57.5,33.9,147.4,1.98,728.3,20.3,810,1007.4,0.49,91.1,1
28.2,68.5,66.3,111.3,0.95,939.5,20.8,354,981.1,0.88,81.1,1
29.9,44.5,59.7,88.1,1.95,857.9,20.8,959,981.5,0.44,1.4,1
20.8,60.8,56.7,125,1.84,626.6,20.6,807,995.1,0.63,20.5,1
22.5,48.2,40.4,137.8,1.56,142.2,19.9,900,1006.9,1.14,77.2,1
25.2,65.6,57.6,106.1,1.78,463.1,19.7,652,996.8,1.61,63.9,1
28.1,67.1,60.9,148,1.29,673,20.3,784,1016.2,0.83,51.4,1
27.8,51.9,61.1,136.2,1.91,232.4,20.9,679,1010.8,0.32,4.6,1
26.2,50.4,40.5,108,0.81,583.5,20.2,444,996,1.46,18,1
27,52.3,73.7,101.5,1.95,641.7,19.8,354,993.8,0.83,3.2,1
25.5,56,47.8,139.4,0.43,397.1,20,598,999.2,1.44,51.2,1
21.6,51.3,30.1,136.8,0.35,637.6,21,652,994.8,1.07,61.8,1
23.7,53.9,67.4,53.7,0.65,742,20.8,712,1001.3,0.39,44.7,1
25.3,47.3,43.5,87.7,0.24,389.9,19.8,823,1001.4,0.62,34.3,1
24.7,50.7,62.4,98,1.25,763.1,20.3,718,1002.6,0.88,33.7,1
29,58.2,42.2,99.8,0.79,940.3,19.5,626,986.1,0.64,16.1,1
21.9,48.6,38.7,139.7,0.34,572.1,20.1,897,1019.9,1.81,57.6,1
29.2,40.2,78.8,99.1,1.5,838.8,20.6,741,999.1,1.71,20.5,1
29.7,61.3,40,123.6,1.15,736.5,20.7,899,1003.2,0.48,48.1,1
25.3,41.6,46.8,63.4,0.31,991,20,991,983.5,0.45,0.3,1
21.2,54.2,60.3,129.4,0.39,865.7,20.6,683,1017.3,1.98,20.5,1
23.8,67.8,66.1,54.8,1.61,845.1,20.6,640,986.6,1.67,66.5,1
25.2,50.8,73.9,89.2,1.67,495.2,20.1,986,992.1,1.55,50.3,1
22.3,67,49.2,104.4,1.83,661.8,19.7,995,993.3,1.51,69.4,1
21.7,66.4,54.8,124.1,1.23,997.9,20.6,760,1009.8,0.26,57,1
27.6,66.3,47.1,132.1,0.4,861.8,19.7,364,1011.9,0.47,22.9,1
27.2,61.6,62.1,119.4,1.18,326.6,20,360,1018.4,0.82,22.7,1
24.2,48.6,60.7,141.2,0.45,190.7,19.9,965,1014.9,1.88,56.5,1
27,67.7,65.4,65.3,1.24,646,20.1,378,984.2,1.71,91.1,1
21.2,47.1,38.3,68.6,1.71,398.9,20,720,1003.7,0.92,5.5,0
23.4,64.1,30.2,83.3,0.92,583.7,20.9,735,998.6,1.07,91.8,1
25.9,41,75.6,74.8,1.24,249,19.6,510,994.5,1.25,63.2,1
20.1,59.9,38.9,146.1,0.47,473.2,19.6,709,1000.1,1.27,6.7,1
27.5,46.3,74.9,70.5,0.54,132.9,20.2,773,1003.5,0.73,71.4,1
25.3,56,54.1,99.7,1.58,192.7,20,404,1017.8,0.87,27.1,1
26.4,52.3,31.3,65.6,1.49,693,19.5,792,1000.2,1.27,33.9,1
25.7,66.6,57.8,122.1,1.65,989.9,20.4,840,1018.5,1.9,14.1,1
24.1,49.7,34.3,113.3,1.52,863.3,19.7,897,1005.7,1.47,91.1,1
26.2,50.1,71.3,86.3,0.26,847.6,20,605,1002.1,0.99,29.4,1
29.5,62.9,37,136.8,1.08,905.1,20.7,464,1000.5,1.54,69.9,1
24,46.5,62.3,92.2,0.44,910.5,20.5,424,1012.9,1.15,81.5,1
25,42,50.3,99.7,1.5,195.9,19.7,376,1016,1.77,59.7,0
26,60,38.8,141.4,0.95,444.8,20.3,925,994.2,1.93,18.4,1
20.9,63.1,33.4,133.7,0.99,924,20.6,576,1018,0.91,95.4,1
21.4,54.5,43.5,104,0.49,857.4,20.8,856,1003.9,0.8,77.1,1
21.1,42.3,66.4,99.5,1.44,491.3,19.9,480,983.1,0.2,96.8,1
20.1,43.1,45.7,130.7,1.93,811,20.5,846,987.4,1.18,87.3,1
27.3,64.2,62.9,119.2,1.73,324.7,20.2,920,1019.5,1.9,3.9,1
27.1,67.8,39,106.8,1.85,130.6,20.5,486,987.7,0.41,42.2,1
28,62.4,32.7,95.5,1.14,680.1,20.5,501,989.2,0.42,7.7,1
27,50.2,66.2,56.5,0.77,585.5,20.7,746,1005,1.79,61.6,1
22.3,40.7,73.5,52.1,1.77,576,20.9,388,980.4,0.29,8.9,1
20.4,54.4,59,77.2,0.92,182.5,20,689,1009.5,0.63,11,0
23.5,48.6,44.8,73.4,0.28,116.1,21,934,984.4,0.9,12.4,0
29.6,63.9,42.9,108.9,1.97,895.8,20.4,411,1004.5,0.5,99.1,1
22.3,68.3,62.5,110.8,1.12,307.6,19.8,567,981.5,1.92,82.6,1
28,58.9,40.8,101.8,1.28,572.5,19.9,768,1010.3,1.45,15.4,1
28.2,46.7,41.2,103.7,1.27,622.1,19.6,966,995.6,0.69,47.7,1
20.4,65.6,31.8,82.9,1.88,761.7,19.9,473,994.9,0.67,72.3,1
25,42.4,41,118.3,0.34,866.1,20.2,573,1000.6,1.83,57.1,1
26.6,56.3,73.2,123.4,1.14,881.3,19.9,920,1014.7,1.48,83.7,1
27,60.4,60.9,125.3,0.49,892.8,20.8,380,1013,0.43,33.5,1
27.4,44.8,70.9,133.2,1.11,105.7,19.9,395,993.1,1.21,11.6,1
23.8,40.3,70.9,62.8,0.71,116.6,20.1,761,1005.3,1.88,10.3,1
29.4,60.6,33.4,80.1,1.47,160.6,20.4,371,1004.8,0.28,87.2,1
29.7,69.1,67.5,63,1.56,122.1,19.5,995,994.9,1.67,25.3,1
20,44.8,53.4,144.4,0.38,868.8,20.3,506,991.9,1.71,77.3,1
22.3,43.9,73.4,146.3,0.26,758.1,20.9,433,995.9,0.69,98.4,1
24.1,66.8,41.5,71.3,0.26,686.5,20.1,620,998.9,1.18,15.9,1
22,42.7,37.7,95.4,1.15,116.1,20.7,885,1016.8,1.31,79.7,0
24.8,43.5,36.3,118.6,0.97,280.5,20.2,850,990.8,1.64,31,1
24.6,40.3,33.6,89.2,1.06,640,19.9,650,1010.3,1.91,90.8,0
27.2,62.5,37.3,60.3,1.23,116.5,20.2,441,1008.1,1.21,1,1
23.3,55.5,34.4,85.1,0.26,170.7,20.1,543,1019.1,0.56,69.3,0
28.2,41.2,63.5,145.2,0.42,906.6,20.4,422,982.1,1.17,70.9,1
28.7,61.4,70.1,83.9,1.67,172.1,20.8,739,1012.7,1.01,64.4,1
25.3,61.9,34.1,56,0.64,243.6,20.8,471,993.2,1.05,74.4,1
28.7,53,32.2,66.2,0.24,687.9,20,661,1019,1.37,20,1
26.8,42.2,31.5,75.8,1.03,881.4,20.6,373,997,0.82,37.1,1
29.9,41.2,73.4,107.9,0.99,752.7,20.2,927,1003.9,1.63,65.5,1
29.9,48.5,48,88.4,1.04,852.4,19.9,869,996.2,1.28,63.3,1
23.7,55.4,50.7,56.9,0.99,187.7,20.1,363,1000.6,0.85,59.3,0
21.6,51.7,78.5,75.8,1.38,392.7,20.7,650,989.5,0.62,88.4,1
24.4,49.9,52.4,116.9,0.46,504.5,20.4,862,990.1,0.85,37.9,1
26.1,50.7,56.7,128.2,1.47,501.7,20.8,969,1001.6,0.26,98.7,1
21.2,46.9,32.6,114,0.6,262,19.6,510,1000.3,0.27,14.8,1
29.9,69,30.2,145.2,1.35,881.1,20.2,844,1000.9,0.82,53.2,1
21.3,44,37.2,144,1.52,246.1,19.8,701,989.4,1.93,25.5,1
26.6,69.4,48.7,51.8,0.64,847.8,20.8,937,984.5,1.63,91.9,1
26,68.2,71.3,116.7,1.24,413.7,19.7,924,1019.1,0.93,87.1,1
27.8,57,66.9,137.9,0.93,394.3,20.5,803,1016.1,1.78,31.7,1
28.7,51.3,44.8,114.9,0.79,667.2,20.4,492,1007.8,0.9,44.9,1
22.4,51.2,41.4,57.3,1.29,701.4,20.4,352,1001.7,1.91,84.7,0
29.1,64.4,35.4,64.9,1.15,321.5,20.2,392,1010.6,1.66,71.8,1
29.6,40.5,39.8,50.8,1.37,908.2,19.9,400,982.4,1.88,35.2,1
21,54.6,42.8,78.5,0.75,822.7,20.3,493,983.6,1.49,40,0
29.8,64.7,56.1,62.3,1.75,819.8,19.8,661,1011.7,0.53,91.8,1
24.2,42.6,70.8,87.4,1.15,201.1,19.5,467,1000.6,1.27,79.4,1
26.5,45.2,48,140.6,1.59,601,19.9,929,991,1.68,42.4,1
26.7,42.9,61.2,95.2,1.26,251.2,20.6,575,998.9,1.16,17.8,1
23.1,46.9,40.3,113.8,0.66,668.8,19.6,669,985.5,1.45,40.4,1
24.3,61.5,64.6,149.1,0.43,193.7,20.6,903,1016.2,1.59,26.5,1
26.5,57.9,50.1,86.7,0.82,655.4,20.2,991,1006.8,0.33,64,1
22.7,57.8,64,73.1,1.02,271.3,19.6,521,1006.5,1.2,73.1,1
24.7,41.8,58.1,145.8,0.52,721,19.8,557,996.4,0.96,82.2,1
20,49,79.1,97.5,0.89,207.8,21,979,1019.7,1.87,54,1
28.4,55.6,61.2,58.9,1.56,214.9,20.7,899,986.4,0.31,11.8,1
22.3,50.3,49,84.6,0.63,558.8,20.7,756,1017.7,1.77,16.2,0
27.9,57.2,58.3,89.1,1.1,457.5,20.3,778,995.2,1.78,86.8,1
28.1,63.7,45.2,58.1,0.93,256.2,20.5,815,1018.3,1.23,93.3,1
25.8,54.4,45.7,110.6,0.45,908.4,20.7,785,1000.1,0.92,14.6,1
23.7,42,31.3,63.5,1.93,594.6,20.9,957,1003.8,1.89,87.6,0
22.8,65.5,30,51.8,1.28,428.3,20.1,866,1011.2,1.03,5.8,1
29.9,41.7,64.8,148.4,0.63,228,19.7,539,990.6,0.52,69.2,1
26.2,59,41.4,73.3,0.6,256.4,20.5,771,997,0.44,88.7,1
24.5,45.8,48.4,91.4,1.69,760.3,20.7,859,989.9,0.44,41.9,0
27.9,57.5,64,69,1.31,391.2,20.8,842,1019,1.64,96,1
24.9,43.3,57.4,95.4,1.72,188.3,20.2,895,993,1.53,47.6,0
23.8,51.8,53,128.5,1.81,959.8,20.7,742,1017.7,1.66,7.6,1
22.8,67.9,42.7,128.1,1.69,545.9,20.1,549,989.1,1.8,45.1,1
28.8,43.2,79.4,94.3,0.29,134.2,20.6,734,982.9,0.33,1.2,1
29.6,62.1,47.7,79.7,0.83,797.2,20.5,889,994.2,0.94,55,1
28.3,42.1,51.2,58.3,1.13,909,20.7,709,1005,0.89,20.6,1
21.2,58.5,68.7,114.4,1.15,137.8,21,498,985,1.05,11.4,1
24.9,67.6,56,111.6,0.48,139.4,19.7,751,989,0.87,43.2,1
24.4,58.4,77.2,74.1,0.42,277.7,20.8,471,1012.6,1.75,84.7,1
29.2,47.6,67.8,96.1,1.72,755.6,20.7,585,982.2,0.78,75.3,1
22.7,56.2,66.4,60.8,1.43,182.7,20.9,812,1000.2,1.71,73.3,1
25.4,57.7,55.4,79.8,1.22,720,20.8,716,1015.1,0.98,16.1,1
25.6,64.4,67.1,138.1,0.7,274.6,20.8,840,992.4,1.54,81.5,1
26.1,60.6,48.8,103.9,1.14,863.2,20.8,361,1009.8,0.56,95.8,1
23.7,49.8,37.4,80.6,1.78,996.7,20.1,730,1005.7,1.6,21.7,0
21.4,59.9,30.1,67.8,0.25,250.2,19.8,369,996.1,1.77,51,0
27.2,43.1,41.3,120.3,0.3,537.9,20.4,508,980.9,0.78,63.6,1
21.5,60.9,67.3,148.2,0.58,842.6,20.3,699,993.1,0.98,8.9,1
22.2,57.9,66.8,149.8,1.88,678.3,20.1,609,999.8,0.52,68.6,1
29.9,62.4,67,145,0.57,609,21,968,981,1.7,27.3,1
25.2,49,77,75.9,0.97,885.5,20.8,398,997.4,1.89,70.6,1
26.3,41.5,75.2,140.9,1.6,106.3,19.6,713,985.4,1.55,65.7,1
29.6,42.1,32.9,78.2,0.67,322.3,20.9,981,1019,0.87,42.9,1
28.4,48,37.8,135.3,0.28,657.7,20.3,882,1001.3,0.94,34.7,1
29,40.7,63.2,146.3,1.21,943.1,19.6,841,1011.5,1.32,49.4,1
29.8,44.3,66.3,69.1,0.81,377.8,20.9,794,984.6,0.47,22.5,1
22.5,65.5,58.1,102.3,0.41,874.1,20.6,772,1008.3,1.18,8.2,1
24.6,54.5,38.3,144.6,1.73,702.1,20.2,784,1006,1.18,6.2,1
25.1,64.2,53,55.2,1.62,281.2,19.9,881,1001.8,1.57,75.4,1
20.2,43.8,63,66.2,0.66,952,20.3,375,1002.3,1.19,9.4,1
23.4,48.5,49.5,129.8,0.87,506.5,20.1,776,1011,1.94,20.4,1
25.2,48.6,69.6,107.8,1.34,818.1,20.1,587,1001.3,0.48,69.6,1
27.9,49.5,72.9,140.6,0.7,985.2,19.7,478,981.3,0.85,73.3,1
28.2,49.4,69.9,146.8,1.74,205.9,20.6,365,1019.5,1.07,12.2,1
27.3,49.7,79.9,148,1.38,216.8,20.5,480,1001.1,1.49,89,1
20.8,61.9,39.4,135.8,1.67,586.7,20.6,726,998.8,1.68,45.9,1
23.6,54.8,71.4,83.5,0.51,740.8,20.7,539,1008.8,0.96,90.5,1
27.4,45.7,60.7,93.6,1.24,764.3,20.7,638,985.1,1.42,32.5,1
26.9,42.1,38.7,135.6,0.61,853.3,19.9,540,993.6,1.76,21.6,1
23.6,42.1,68.2,90.8,1.57,913.2,19.8,742,1011.5,1.4,26,1
29.1,60.1,58,61.1,1,514.3,20.8,896,996.5,1.64,47.9,1
20.2,52.6,31.4,146.6,0.43,736.9,21,775,1008,1.71,98.2,1
26.2,56.8,61.4,103.3,1.34,504.9,19.8,786,1001.6,0.37,24.2,1
20.1,54.1,45.1,109.8,0.74,369.9,20.6,417,1015.1,1.78,33,1
23.4,69.7,61.3,103.1,1.71,356.8,20.1,925,1011.6,1.23,65.9,1
22.5,46.6,54.4,123.8,1.15,129.4,20.8,831,1015.2,1.23,51.7,1
24.3,49.5,51.7,127.4,1.28,903.3,20.2,581,1017.9,1,78.9,1
26.4,60.3,36.6,73.4,1.62,973.7,19.9,511,998.9,1.97,26.9,1
24.1,66.7,30.1,54,1.29,916.6,19.9,711,1018.9,0.8,48.2,1
22,58.3,44,70.7,1.13,105,19.5,539,1013.3,1.72,28.5,0
24.6,53.2,40.9,89.7,0.28,350,20.7,902,1012.7,1.16,88,0
25.7,40.9,63.8,54.5,1.01,936.5,19.7,517,996.9,0.94,90.8,1
27.1,58.2,45.5,132.4,1.92,839.1,19.5,523,982,0.66,6,1
26,60.6,35.7,88.4,1.02,432.1,19.7,761,1002,1.82,40.4,1
23.2,62.5,50.6,114.6,1.36,899.2,20.4,559,985.6,0.41,15.4,1
21.7,59.1,67,103,1.69,992.1,20.7,617,991.8,1.07,57.7,1
20.4,43.7,57.9,84.3,1.51,687.1,20.8,787,1014.1,0.93,7.8,0
25.4,65.9,59.5,72.6,0.89,505.1,20.4,390,997.2,0.77,58.2,1
23.7,58,65.3,118.8,0.87,250.2,20.1,545,981.8,1.57,94.7,1
23.4,55.5,48.9,50.7,0.89,812.5,20.4,925,1004.2,0.86,21.8,0
29.9,53.6,64.4,64.1,1.07,124.8,20.3,424,985.4,0.38,20.9,1
29.3,52.4,49.8,81.3,0.46,539.1,19.7,471,984.6,1.92,31.4,1
28.9,58.1,71.3,148.4,0.72,965,20.1,458,1018.8,1.59,98,1
24.8,56,38.4,74.7,1.71,420.6,20.7,458,987.8,0.3,34.2,0
22.7,69,57.9,84.7,1.24,225.3,20.2,460,1012.7,0.57,78.2,1
27.3,49,46.3,129.3,1.03,757.7,19.7,866,999,1.18,22.8,1
29.6,67.3,66.1,103.3,1.77,217.6,20.7,825,982.3,1.43,46.7,1
20.3,69.1,77.5,101.3,0.37,779.2,20.2,577,991.4,0.57,76.2,1
23.9,55.3,54.6,107.7,1.76,982.7,20.1,714,999.1,1.99,5.9,1
20,59.2,44.9,74,0.76,330.4,19.5,843,988.8,1.52,76.3,0
29.3,40.9,73.6,102.7,1.34,680,20.7,896,988.4,1.92,0.9,1
30,60.3,71.4,79.5,0.23,764.1,20.8,350,982.8,0.21,93.7,1
28.2,64.3,74.2,120,0.39,459.2,20.6,733,1007.5,0.24,30.6,1
25.5,59,58.9,119.8,0.21,190.8,20.8,415,983.1,1.1,79.5,1
27.1,41.5,33.6,90.3,0.73,309.1,19.9,564,1017.2,0.93,90.6,1
23.2,54.3,41.3,114,1.96,643.1,20,662,1010.4,0.54,72,1
28.7,53.6,71.1,105.5,1.35,573.7,20.2,402,1012.2,1.19,52,1
21.4,63.3,43.6,99.7,0.71,220.4,20.4,424,990.9,0.92,10.3,1
21.9,63.5,65.8,109.3,1.81,624.9,20.2,739,989.9,1.53,31.6,1
21,50.8,43.5,134.3,0.76,810,20.8,490,996.9,0.88,93.6,1
26.8,43.5,32.1,106.5,1.87,859.8,20.5,524,986.7,1.48,66.6,1
29.7,62.8,77.5,120.3,0.74,194.8,20.7,642,981.9,0.85,95.7,1
25,53,52.9,70.9,0.86,432.8,19.6,362,996.7,1.68,85,0
22.1,59.7,53.6,138,0.59,710,20.4,511,995.8,1.88,12.6,1
27.4,69.2,32.6,118.2,1.04,621.3,19.6,584,994.7,0.3,11.2,1
25.2,48,71.8,51.5,0.88,403.6,19.5,747,996.5,1.09,40.4,1
25.3,57.9,30.5,96.4,1.93,567.1,20.5,468,1011,1.59,52.1,1
29.8,43.8,30.8,127,1.65,208.2,19.9,850,993.7,1.53,22.3,1
26.4,57.1,58.4,116.3,1.19,891.3,20.5,509,1015.9,1.61,78,1
24.6,51.9,45.1,56.6,0.61,321.9,20.2,428,982.4,1.41,58.2,0
29.9,47.2,56.5,115.1,1.36,605.2,20.7,878,989,0.55,14.1,1
26.2,63.4,58.9,64.7,1.66,672.4,20.1,761,1005.7,1.66,94.7,1
23.4,61.7,56.9,56.1,1.44,721.1,20.9,945,1005.2,1.01,13.4,1
29.6,55.9,42.1,100.1,1.42,168.6,19.9,947,1010.4,1.18,18,1
24.6,56.8,73.2,98.1,1.82,706.9,19.7,680,1011.7,1.74,24.2,1
29.6,45.9,77.6,149.5,1.48,983,20.4,488,998.4,1.85,17.6,1
22.1,40.4,30.7,132.9,1.52,419.5,20.5,594,1018.1,1.94,39.3,1
28.5,63.2,45.5,73.2,1.02,803.2,20.9,442,1000,0.22,0.9,1
23.6,67.8,41.4,113.4,0.6,389.5,20.8,805,1012.3,0.66,24.6,1
24,66.8,30,140.1,0.48,991.1,20.9,478,981.8,1.57,37.2,1
23.9,62.6,75.9,145.1,1.24,421.4,20.7,465,995.5,1.23,41.6,1
28.5,67.1,73.9,147.4,0.25,855.8,20.6,542,987,1.76,28.2,1
29.5,57.4,51.8,108,1.13,782.9,19.9,548,1015.8,1.9,89.3,1
24.2,63.4,53.8,99.8,0.57,632,19.8,496,1003.8,0.26,63.6,1
23.6,48.9,74,96,0.37,844.1,19.6,513,1007.7,1.59,65.5,1
21.5,66.3,57,78.2,0.97,133.8,19.7,858,996.7,1.14,5.5,1
29.7,46.8,45.2,80.4,0.61,101.3,20.6,387,1009.3,1.35,41.6,1
27.6,58.3,74.8,131.8,0.66,344.3,19.7,845,1016.1,1.65,98.5,1
27.5,51.8,59.5,116.1,0.34,590,20.6,792,990.8,1.13,26.9,1
26.3,54.5,48.1,144.9,1.34,216.9,20.3,540,1000.4,0.86,93.3,1
28.3,60.9,65.7,96.2,1.86,725.1,20.6,987,993.8,0.26,5.2,1
21.4,46.4,63.3,65.7,0.41,788.2,20.5,458,1017.9,1.09,38.1,1
21.6,63.6,66.7,88.4,0.25,855.1,19.5,619,1013.7,0.38,55.9,1
25,61.2,56.7,104.1,0.97,378,20.2,874,1018.5,1.49,95.2,1
22.3,66.4,70.4,117.7,1.33,384.9,20.7,662,1011.9,0.65,62.5,1
25.7,65,75.3,51.2,1.41,146.7,20.3,475,995.6,0.54,41.2,1
29.3,52.9,73.9,110.6,0.64,420.3,19.6,838,1007.4,0.8,5.7,1
23.7,68.3,62.1,117.1,1.34,279.1,20.1,826,984.1,0.7,27.6,1
24.3,69.4,33.4,101.9,0.52,973.6,19.7,667,1002.2,0.54,58.2,1
22,55.6,33.7,110.5,1.13,766.1,20.4,935,1007.6,0.46,59.5,1
21.7,67.8,33.4,93,1.45,512.2,19.6,763,1005.7,1.47,37.3,1
25.6,53.5,63.6,108.4,1.15,324.6,19.5,801,1017.9,0.39,15.5,1
29.4,62.1,74.1,70.3,1.26,731,20.5,633,1005.1,0.89,93.6,1
25.4,68.2,41,122.6,1.31,765.5,19.8,515,984.1,0.21,43.4,1
20.9,62.5,75.7,93.4,0.67,491,20.6,597,989.2,1.18,67.1,1
27,46.1,62.7,131.8,0.29,920.4,19.5,715,990.8,0.65,6.3,1
24.6,62,60.3,117.3,0.35,956.3,20.8,899,995.3,1.09,28.3,1
27.9,51.9,55.7,75.3,1.98,362.3,20.7,422,988.2,1.64,33.4,1
28.7,67.5,73,53.5,1.62,470.2,20.8,472,1008.2,0.97,44.3,1
26.5,68.1,33.2,132.5,0.73,499.5,19.5,563,1000.1,0.3,49.1,1
29.3,43.2,68.2,91,1.38,334.2,19.7,994,1011.5,1.9,74.7,1
27.2,64.8,52.3,130.6,0.21,932.1,20.2,884,990.2,1.54,7.7,1
28.7,64.8,40.8,130.9,1.62,669,20.1,663,1017.6,1.78,10.3,1
23.9,56.6,55.2,69.4,1.75,709.2,20.8,820,998.5,0.95,1.3,0
23,53.8,50.6,122.2,0.89,540.4,20.1,596,980.1,1.49,73.2,1
25.1,44.8,34.2,51.9,0.5,901.8,19.9,999,1005.4,1.25,11.8,1
22.1,49.3,38.3,74.4,0.68,402.1,20.6,933,1019.4,0.95,75.4,0
28.7,60.4,50.6,125.4,0.57,394.8,20.3,442,1001.3,0.41,60.6,1
21.2,50.1,37.1,119.2,0.57,452.7,20.8,356,1010.9,1.91,77.6,1
26.1,65.7,63.7,90.8,1.79,299.7,20.6,493,980.4,1.5,53.6,1
28.4,64.6,72.2,98.5,0.8,812.4,20.2,688,1012.8,0.93,48.4,1
20.1,52.3,62.4,51.6,0.71,287.2,19.6,867,995.6,1.18,96.8,1
20.7,59.4,33.7,87.5,1.65,490.1,21,984,981.7,1,7,0
27.3,58.3,65.3,87.4,0.87,140.8,20,445,980.3,0.59,66.2,1
24.8,40.2,70.2,127.3,1.19,159.8,20.6,599,1001.9,1.14,35,1
26.8,62.8,30.7,70.7,1.48,448,20.5,569,995.6,0.49,25.8,1
26.1,53,68.7,135.3,1.17,782.4,20,794,1008.7,0.69,20.2,1
23.1,47.2,40.7,92.5,1.83,556.4,19.8,942,1003.4,0.44,44.4,0
24.5,68.8,51.6,104.9,1.16,673.1,20.6,410,993,0.69,19.1,1
26.9,46.6,59.8,76.5,1.39,833.4,20.7,689,1010.9,1.55,15.1,1
22.2,53.9,43.2,91.5,1.8,841.9,20.4,566,1015.9,1.8,32.5,0
29,69.9,71.3,134.5,0.65,619,19.6,376,1020,0.79,74.8,1
28.1,65.7,79.9,74.1,0.27,470.1,19.7,808,994.4,1.61,56.6,1
23.1,59.6,41.6,51.4,1.58,661.4,20.6,556,1000.5,0.21,93.8,0
24.1,52.1,49.5,56.9,1.35,759.7,20.5,922,995.6,0.61,59.7,0
29.3,67.9,47.1,102.8,0.58,996.1,21,462,998.4,1.89,50.4,1
29.5,65,48.1,136.4,0.4,932.5,20.4,692,1007.6,1.45,64.9,1
22.8,44.7,61.8,109.9,0.52,734.6,20.2,442,1017.9,0.31,68.5,1
20.2,45.1,52.7,95.5,1.43,919.2,20.5,439,996.1,0.48,57.3,0
22.8,67.6,59.2,109.3,0.84,146.8,19.5,645,989.2,1.85,61.6,1
22.5,60.7,59.8,100.2,1.96,715.1,20.1,564,991.5,1.64,99.7,1
20.3,66.9,61.1,147.3,1.04,862.6,19.6,625,993.9,0.98,39.6,1
26.7,66.8,45.3,105.2,1.62,474.6,19.8,625,982.2,1.9,7.5,1
24.4,55.9,79.3,66.6,0.41,107.8,19.7,459,1005.2,0.6,2.1,1
28.3,51,47.7,80.2,1.96,253.1,20.8,687,993.7,1.76,15.5,1
20.8,54.5,45.1,106.3,1.65,223.4,20.4,773,992.1,0.76,0.3,1
21.7,66.3,52.1,148.4,0.91,743.7,19.9,575,998.3,1.51,57.4,1
26.7,63.3,73.1,81.4,1.17,856.1,21,742,1017.6,0.23,52.3,1
24.7,59.7,58,118.7,1.38,205.3,20.7,788,1007.9,0.95,51.4,1
29,66.7,70.9,101,1.53,561.6,20.8,659,989.2,1.19,37.2,1
26.6,44.2,58.5,68.5,0.7,296.8,19.8,755,1004.2,1.24,55.9,1
23.7,63.6,42.6,143.9,1.81,403.7,20.6,698,1011.8,0.52,67.3,1
22.2,46.5,73.7,75,0.67,100.6,20.8,975,982.1,0.88,23.2,1
22.7,56.6,40,79.4,0.63,953.7,20.9,677,988.3,0.63,90.8,0
24.7,54,68,65.4,1.08,487,20.4,362,1010.8,0.92,82.8,1
21.7,40.9,40.2,84,1.12,653.6,20.9,713,1000.1,0.29,3.5,0
25.5,53.1,72,66.1,0.24,504.1,19.9,489,1009,0.4,60.8,1
22.8,45.2,49,130.1,0.91,775.7,19.7,622,988.4,1.2,85.6,1
28.4,67.8,48.3,81.8,1.55,488,19.6,576,996.7,0.73,33.2,1
22.9,41.2,61.9,109.7,1.38,273.1,19.9,899,1017.9,1.79,73.9,1
22.8,48.4,78.2,51,1.49,735.6,20.4,843,1011.8,0.7,14.2,1
23.1,65.5,34.4,149.2,1.17,986.4,20.9,719,1017.1,0.31,9.2,1
21.6,57.9,37.5,146.8,1,551.4,19.9,859,982.4,1.83,64.8,1
22.7,45.3,44.7,61.5,1.89,805.8,20.2,454,1006.5,0.94,40.2,0
28.8,66.9,75.5,81.4,1.44,344.5,19.8,727,1004.2,1.75,82.2,1
21.7,54.6,35.8,118.2,1.91,223.4,20.6,374,986.6,0.41,54.7,1
29,50.3,66.7,115.9,1.88,838.9,20.3,541,1015.9,0.92,32.7,1
20.1,64.8,70,60.4,1.24,517.6,19.7,586,1003.4,0.61,89.6,1
27.8,61,60.8,136.3,0.6,885.8,20.7,794,989.8,0.96,79.4,1
20.3,63.5,42,64.4,0.41,124.5,20.3,627,989.1,1.31,25.3,1
25.8,50.8,71.2,132.1,1.06,415.7,20,878,1002.3,0.48,83.5,1
23.6,67.4,58.3,68.3,0.45,618.8,20.6,618,998.4,0.75,93.3,1
21.2,68,64.2,103.2,0.26,528,20.1,920,1006.3,1.95,56.2,1
27.1,42.1,50.9,61.6,1.3,944.6,20.5,686,1005.9,0.62,68.1,1
29.4,41.4,46,93.8,1.82,966,20.2,513,996.5,1.42,65.8,1
20.7,51.9,39.1,65.7,1.69,137.7,20.1,633,1000.7,1.48,9.6,0
23.2,69.1,43.1,81.3,1.71,145.2,20.2,452,1005.4,1.33,40.3,1
27.5,55.9,63.9,92.8,1.52,842,19.7,802,980.3,1.9,23.7,1
21.1,63,55,93.4,0.65,592.7,19.9,551,1002.9,0.79,3.9,1
22.7,40.2,78.9,146.6,0.91,755.5,20,853,1012.2,1.9,40,1
27.8,48,79.5,52.6,1.29,693.6,20.5,462,992.2,0.56,6.6,1
28.9,52.6,54.8,141.7,1.6,217.5,20.3,844,1010.3,1.82,8.4,1
23.9,43,30.8,116.2,1.28,246.7,19.9,872,1013.2,1.91,30.5,1
22.6,48.4,43.9,53.6,1.87,292.3,20.1,879,1014.3,1.52,94.7,0
27.8,49.4,42.4,119.8,0.86,609.6,19.5,823,991,1.48,27.1,1
29,51.2,57.5,55.1,0.97,849.1,20.7,602,992.7,0.67,8.8,1
20.9,45.8,32.5,112.6,0.72,351.8,20,420,982.1,1.09,44.2,1
23.3,51.8,56.5,66.1,1.23,824.9,20.6,634,986,0.68,36.1,0
24.1,60.4,32.8,53.5,0.91,727.4,19.8,570,993.8,0.81,31.2,1
21.2,43.3,62.4,137.5,1.62,227,20.3,399,995.9,0.48,73.8,1
23.6,60.1,43.5,58.1,1.99,240.6,21,496,986.8,0.83,76.2,1
25.1,59.1,79.3,126.8,0.98,501.8,20.4,493,1005.8,0.24,43,1
22.8,43.9,35,110.3,1.14,328.2,20.2,697,987.8,1.37,78.1,1
27.9,58.1,55.6,56.1,0.72,183.9,20.9,544,993,1.42,59.4,1
26,60.5,58.8,92.9,0.7,791.7,19.8,793,1017.7,0.78,66.1,1
26.5,47.5,62.5,71.2,0.42,731.2,19.7,685,993.7,1.06,92.9,1
23.3,54,30.7,58.2,0.67,125.1,20.4,670,1006.9,1.5,49.3,0
26.3,64.2,49.9,130.6,1.27,249.3,19.5,971,983.6,1.28,34.1,1
29.2,52.2,37.2,121.5,0.73,572.9,20.5,705,1004.2,0.75,83.8,1
26.1,57.4,42.7,125.6,0.35,931.9,20,811,997.7,0.28,68.5,1
29,65.1,36.4,62.6,1.66,931.8,20.2,905,1006,0.39,40.2,1
27.3,63.4,35.9,50,1.48,420.9,19.9,539,1001.6,1.73,95.8,1
25.7,55.4,34.3,104.9,0.88,646.4,20.1,950,995.6,1.06,13.8,1
20.8,64.9,78.8,90.5,0.36,159.2,20.8,542,992.8,1.06,31.8,1
24.9,65.8,59.6,119.5,0.86,764.7,20.5,713,1007.7,1.46,75.3,1
28.7,55,66.5,111.9,0.54,123.1,19.9,401,999.7,1.63,23.3,1
22.3,56.5,56.2,78.2,0.74,350.1,20.7,789,982.3,0.39,58.6,0
25.4,47,61.9,132,0.27,548.3,20.5,718,1004.5,1.82,81,1
25.8,61.9,48.2,114.1,1.04,270.9,20.6,912,1016.5,0.24,31.6,1
20.6,63,65.1,83.1,1.42,456.3,20.6,715,992.3,0.87,55,1
27.9,49.5,59,84.6,1.67,520.1,19.6,683,982.4,1.1,10.6,1
21.1,68.2,73.6,95.2,1.97,100.2,20.4,530,997.7,1.37,6.1,1
28.1,68.2,62.4,145.5,0.47,529.7,20.4,730,984.4,1.76,29.7,1
21.6,60.3,31.9,112,1.46,293.4,19.6,527,1014.9,1.24,34.5,1
28,56.2,34,106.6,1.83,456.7,19.9,877,1002.3,1.77,37.2,1
26.1,55.7,46,97,1.1,280.7,20,415,1005.2,1.69,78.3,1
22.8,68.2,36.2,137.5,1.95,259.4,20.6,947,998.8,0.96,99.6,1
20.1,66.9,37.5,128.6,1.31,407.7,20.8,890,991.2,0.44,44,1
26.4,51.4,32.7,109.9,1.82,444.9,19.8,713,981.9,1.68,82.6,1
25.9,50.6,70,105.5,1.69,668.3,20.7,534,980.6,0.65,86.6,1
21.6,52.5,30.7,97.8,0.24,837.6,20.7,546,1010.5,1.14,22.7,0
26.7,42.4,52.1,66.3,0.53,282.1,20.1,867,995.4,1.74,95.2,1
28.8,48.1,39.7,97.4,0.21,123.2,20.3,365,1002.6,1.78,55.8,1
29.6,41.5,34.9,54.4,0.53,587.1,20.5,350,993.2,1.26,45.4,1
24.5,68.1,79.2,129.6,1.56,712.5,19.7,520,1007.6,1.51,4.7,1
29.3,42.7,44.3,117.2,0.51,149.9,20,460,996.5,1.38,58,1
20.2,69.7,32.1,146.8,1.19,966.8,19.7,778,989.5,0.37,17.9,1
28,60.3,57.3,97.5,1.86,165.5,19.9,788,1011.3,1.99,24.1,1
28.7,64.9,41.2,89.9,0.94,980.4,19.8,851,987.8,1.66,27.3,1
27.3,51.2,56.1,56.8,0.53,961.5,20.8,476,996.6,1.19,40.3,1
25.2,69.9,36.8,117.5,0.91,219.7,19.7,563,1015.2,1.83,99.2,1
22.1,50.7,63.5,98.4,0.95,422,20.4,812,986.5,1.05,55.3,1
25.7,46.3,67.1,52.5,0.84,802.2,20.3,995,993.2,1.54,41.2,1
22,55.4,36.5,94.1,0.77,920.8,19.6,377,1000.5,0.72,0.6,0
25,48.6,66.7,52.4,1.25,947.3,19.8,704,982.4,0.26,71.4,1
23.6,43.8,42.7,114.2,0.7,545.1,19.7,831,1015.6,1.27,81,1
24.3,62.5,75.7,107.2,0.53,341.9,19.8,788,995.4,0.98,59.4,1
25.9,42,71.6,67.7,1.5,795.4,20.6,623,991.3,0.92,81.2,1
20.1,59.5,63.4,129.9,1.88,118.1,19.7,418,998.3,1.22,66.3,1
26.8,68,79.8,122,0.72,891.8,19.6,715,982.3,0.45,0.1,1
29,40.7,40.5,91.6,0.84,920.6,19.6,548,992.5,0.94,21,1
29.8,59.4,76.7,80.3,1.61,789.3,20.5,783,993.1,0.3,18.2,1
29.7,52.8,61.6,122.6,0.86,232.5,19.8,541,1005.4,0.92,0.7,1
25.2,67.6,70.6,132.5,1.63,391.4,20.6,619,987.3,1.92,37.7,1
23.4,41.9,54.3,60.9,0.65,385.2,20.7,903,1001.8,1.87,87.1,0
27.9,48.2,75.6,59.8,1.74,395.3,19.6,501,989.3,0.64,30.6,1
20.6,45.3,30.3,94.5,0.35,714.4,19.9,677,1014.9,0.72,78.3,0
28,69.6,59.9,58.2,1.36,662.5,20.5,586,982.1,1.49,47.5,1
28.5,51.5,38.4,133.6,1.19,270.3,20.6,732,999.1,1.63,98.1,1
29.3,68,50.1,96.9,1.47,930,19.7,373,985.6,1.3,30.6,1
23.3,42.1,47.5,136.2,0.62,725.7,20.4,710,985.3,1.96,58.3,1
30,67.3,41.1,55.6,0.66,574.8,19.8,431,997.6,1.78,50.6,1
25.1,44.2,79.1,75,0.33,696.8,20.4,442,998.7,0.94,81.8,1
29,65.6,63.7,63.7,0.7,141.5,20.9,831,1009.9,0.76,84.6,1
22.6,40,48.8,107.1,1.06,875.9,19.7,961,1000.5,0.71,82.2,1
27.5,62,73.8,122.3,0.62,735,20,474,994,0.87,62.1,1
27.2,43.3,31.8,149.4,0.62,148.4,19.8,405,1005,0.35,45.2,1
27.4,60.6,70.8,137.7,1.59,704.4,19.5,420,999.3,1.98,75.5,1
22.5,56.2,79.6,135.8,0.38,735.7,20,780,996.1,0.62,81.9,1
23.4,64.8,30,80.8,0.63,310.2,19.6,432,997.1,0.31,22.4,1
23.6,53.2,78.9,130.8,1.53,583.3,20.8,507,982.4,0.74,29.8,1
23.2,44.9,69.2,62.2,1.34,211.5,19.6,463,987.6,1.68,54.5,1
20.8,68.7,42.3,136,0.5,868.5,19.5,414,1013.5,1.1,1.4,1
28,69.4,60.3,100.4,1.78,957.3,20.6,365,986.4,1.44,16.8,1
23.1,55.1,69.8,123.9,1.36,240.2,20.3,547,1011.7,0.6,18.6,1
29.5,46.3,43,147,1.52,729.6,20.8,568,1017.9,0.45,76.4,1
21.1,69.4,49.1,127.5,0.82,664.9,19.8,895,998,1.16,74.6,1
28.3,60.9,76.2,132,1.21,704.3,20.9,359,985.9,1.27,81.4,1
23.8,44,39.8,73.7,0.74,678.5,20.4,902,1001,1.57,71.3,0
21.9,54.1,53.6,87.8,1.13,471.8,19.8,793,981,1.44,31.6,0
20.6,58.3,42,88.7,0.35,232.4,19.9,578,1014,0.92,24.6,0
28.1,50.3,35.6,107,1.25,743.2,19.9,501,983.2,1.78,72.9,1
23,58,40.1,139,0.41,103.5,20.3,725,1003.9,1.79,5,1
22.6,54,41.3,124.4,1.85,481.4,20,441,1005,1.69,19,1
29.2,56.6,45,93.1,0.76,752.6,20.7,704,1019.4,1.62,60.1,1
23.4,56.3,32.1,124.5,1,118,19.6,493,998,1.55,35.7,1
26.3,45.6,67.5,104.6,0.57,362.7,20.6,650,995.2,0.39,53.1,1
24,58.4,70.3,80,1.93,582.1,20.4,959,1006.7,1.12,42.9,1
20.5,40.7,47.9,83.4,0.9,224.5,20.6,625,1009.1,1.28,73.1,0
27.7,69.3,58.7,84.2,1.37,161.6,20.8,627,984.3,1.72,61.4,1
23.3,45.8,57.8,108.4,0.57,866.3,19.6,996,1013.9,0.53,43,1
21.7,61.2,56.8,113.5,0.55,290.6,19.6,498,1013.5,1.47,92.9,1
27.4,49.2,43.3,119.6,0.55,183.4,20.3,871,1009,0.42,30.3,1
25.3,56.9,60,66.6,0.88,655.5,21,546,985,0.42,72.1,1
21.8,49.9,54.4,52.5,0.65,467.1,19.9,985,1000.8,0.56,80.5,0
21.9,42.5,51.8,115.8,0.99,349.1,20.3,655,982.8,1.81,38.8,1
22.9,61.7,71.8,136.2,0.77,867,19.6,739,1002.1,1.53,48.5,1
20.9,69.2,55.9,111.4,0.63,535.1,20.1,701,1013.8,0.41,25.5,1
28.3,51.3,79.1,96.6,1.63,462.1,20.1,692,984.7,0.28,43.8,1
28.4,47.9,51.1,54,1.01,619.9,20.4,971,994,1.31,88.5,1
22.3,52.1,79.7,136.9,1.22,565,19.9,950,991.4,1.34,45.6,1
24.8,62.7,44.1,81.8,1.86,150.6,20.2,406,1001.9,0.5,6.4,1
23.2,46.6,55.8,60.2,1.55,915.6,20.6,943,995.1,1.29,8,0
26.8,68,58.8,62.6,1.25,789.7,20.1,746,1005.9,1.82,62.4,1
21.3,49.3,40.1,140.9,1.57,708.8,20,926,988.4,1.45,94.4,1
30,53.5,42.6,94.3,1.73,285.4,20.9,538,1019.4,1.71,80.9,1
23.2,40.3,49.1,80.2,0.27,554.8,20.1,633,1013.2,0.44,93.5,0
27.5,68.2,63.8,86.3,1.89,348,20,917,1005.1,1.86,99.8,1
20.3,47.1,45.5,89.9,0.64,283.1,20.9,630,996.2,0.63,62.9,0
26.4,65.5,67,104.3,1.38,346.6,20.4,774,985.3,0.64,29.2,1
29.2,46.9,44.5,86.9,1.39,206.4,20.9,519,1007,0.23,33.9,1
28,42.3,44.1,108.5,0.66,940.6,19.7,731,981.5,0.86,97.9,1
24.2,55.1,75.5,121.7,1.25,818,20.8,801,1017.6,0.73,47.5,1
27.6,60.7,73.2,149.7,0.97,200,19.5,393,988.2,1.69,55.8,1
20.5,69.2,55.6,79.1,1.04,872.1,20,751,987,1.12,71.5,1
29.7,46,30.5,57.5,0.88,838.5,19.5,391,993.2,0.29,45,1
22.5,50.6,65.3,102.2,0.42,965.3,20.5,379,981.6,0.24,77.4,1
21.3,54,60.3,92.8,0.25,805.2,19.5,958,1002.7,1.63,98.7,1
22.5,55.3,75.4,128.5,1.08,950.8,19.6,587,1000.4,1.02,27.9,1
29.6,44.3,59,78.3,0.7,464.5,21,736,1012.8,0.91,44.8,1
27.3,50.7,33.2,57.4,0.41,882.7,20.2,717,1017.8,0.8,57.1,1
29.1,40.2,70.5,144.8,0.36,245.3,20.9,678,980.6,0.66,45,1
26.9,62,79.8,78.8,1.17,580,20.1,778,982.2,0.43,5.8,1
28.5,41.8,43.6,60.4,0.73,181.5,20.5,559,994.8,1.59,17,1
23.8,50.4,51.6,128.2,1.07,814.6,20.4,560,993.5,1.47,18.8,1
27.5,47.1,37.2,68.5,0.53,561.6,20.8,376,1008.3,1.38,87.3,1
22.4,53.5,76.3,116,0.9,218.3,19.9,742,1014.7,0.64,96.7,1
29.6,47.4,47.4,139.6,1.94,499.1,20,584,986.9,0.68,12,1
22.3,43.2,71.1,63.9,1.55,143.1,20.9,969,987.7,0.76,97.5,1
24.1,53.3,58.8,148.3,0.63,713.2,20.6,601,995.2,1.09,0.8,1
24.9,69.6,43.9,89.5,1.44,833.3,20.1,765,988.7,0.44,95.3,1
20.7,46,47.4,112,1.18,213.1,19.9,878,990.8,1.57,72.2,1
20.1,55.3,37,136.6,1.77,476.5,20.2,517,1008.7,0.85,26.8,1
24.3,42.7,67.3,51.3,1.36,264.6,19.8,938,996.4,0.79,69.3,1
27.7,49.1,70.6,79.4,1,754.3,20.5,900,982.1,0.39,56.9,1
25.3,53.7,49.8,93.1,1.22,101.9,19.9,872,1008.9,0.51,54.7,1
27.1,53.3,31.4,94.9,0.73,936.7,19.7,881,992.9,0.66,46.4,1
21.3,67.8,73.4,120.8,0.39,798.3,20.7,563,1005.1,0.99,3.9,1
25,62.9,43.3,130.7,0.65,841.4,19.6,827,1000,0.73,26.5,1
24.3,70,41,60.3,1.25,539.7,20.3,813,984.3,1.37,86.8,1
28.3,58.8,33.8,61.2,0.29,331.7,19.7,914,985.3,0.9,82.1,1
29.7,53.6,55.3,107.2,1.88,872.4,19.8,388,1019.9,0.67,27.9,1
29.3,40.7,64.8,122.5,1.71,977,21,952,983.7,1.43,87.9,1
25.1,56.2,42.8,126.8,1.55,629.5,19.8,559,982.6,1.27,82.5,1
28.6,53.9,69.2,144.7,0.7,458.2,20.9,844,1018.9,0.85,47.8,1
23.6,60.5,63.1,121.5,0.68,384.1,19.7,472,984.1,0.22,14,1
27.2,69.2,79.2,99.4,1.76,763.1,20.3,707,1013.6,1.78,24.3,1
25.5,45.8,35.1,141.1,1.68,784,19.6,407,1004.2,1.34,52.7,1
25.8,60.5,67.7,122.7,1.77,270.5,20.1,756,995.9,0.42,52.5,1
21.1,46.1,79.9,104.1,0.71,995.3,20.9,890,1009.4,1.33,58.1,1
27.4,60.3,40.3,85.2,0.43,216.9,20.5,478,983.1,1.12,34.3,1
23.3,58.1,46.1,127.7,0.33,694.3,20.7,753,1014,0.72,64,1
23.1,68.7,31.7,108,0.5,741,19.8,841,981.9,1.07,1.5,1
29.2,69.3,41.1,70.8,1.56,328,20.8,620,1007.3,1.27,75.5,1
23.1,53.4,50.3,148.4,0.73,365.3,20,564,1013.3,1.02,25.9,1
28.8,45.9,77.4,70.6,1.3,300.8,20.3,978,1017.8,1.42,30.2,1
21.9,49.1,34.7,64.4,0.39,480.6,20.7,989,996.9,1.01,73.4,0
28.4,56.3,34.3,73.7,0.5,212.2,20,415,1007.1,1.43,62.9,1
22.7,41.2,52.8,139.1,1.23,849.2,21,450,987.3,0.21,46.7,1
26.9,46.8,36.6,138.7,0.7,301.3,20.8,943,995.3,1.34,43,1
24.4,49.3,68.1,143.6,1.89,257.3,20.8,998,1005,1.05,87.6,1
22.7,40.1,38.1,85,0.77,812.2,20.5,609,1005.1,0.46,82.3,0
22.4,59.6,50.3,109.6,0.39,115.2,20.9,604,987.1,0.21,80.5,1
20.8,52.4,63.9,73.7,0.35,793,20.4,930,1019.1,1.94,16.4,1
23,43,43.6,131.6,0.88,179.6,20,411,996.8,1.13,70.9,1
29.1,44.1,32.7,51.9,0.46,692.2,20.6,396,1017.2,1.09,84.3,1
24.5,61.3,66.6,67.4,0.85,673.6,19.6,803,1003.3,0.74,3.4,1
26.3,65.8,47.2,89,1.8,832.2,20.6,872,1005.2,0.95,14.4,1
20.9,40.5,73.7,73.6,0.58,762.4,20,613,1015.3,1.93,19.2,1
27.2,59.9,47.2,51.9,1.44,950.9,20.4,376,998.2,1.13,0.7,1
24.2,61.5,52.1,123.2,0.62,831.8,20.4,873,994.1,0.99,6.9,1
25.8,57.9,66.9,52.9,1.17,147.6,20.6,466,1005.1,0.85,99.6,1
24.8,54.6,58.3,141.7,1.64,506,20.6,774,999.7,0.55,46.4,1
22.5,67.4,46.8,145.2,1.16,668.4,20.3,804,986,1.87,45.9,1
21.8,49.1,32.5,96.8,1.74,940.2,20.9,480,983.4,1.97,66.6,0
22.9,57.6,35.5,146.6,0.51,683.2,19.9,955,999.2,1.95,0.5,1
24.1,43,55.5,52.5,0.93,298.6,20.3,488,1007.4,0.58,23.9,0
22.8,52.3,41.7,52,1.78,969,20,564,1019.9,1.74,40.8,0
29.8,59.5,67.1,53.2,0.42,669.8,20.8,948,985.4,0.41,84.4,1
21.4,55.6,31.9,58.1,1.41,720.3,20,425,1012.5,0.59,54.2,0
29.7,44.4,77,68.3,1.22,439.3,20.9,772,1005.8,0.23,96,1
20.4,44.3,30.7,106.7,1.88,699.4,20.7,738,1018.1,1.83,71.4,1
28.2,60,36.3,126.6,0.58,391.1,20.7,862,986.9,1.77,61.3,1
21.6,68.9,55.9,57.3,1.33,327.9,20.7,736,1004.9,1.88,20.7,1
27.4,66,56,116.9,1.67,334.6,19.9,900,1018.5,1.85,76.5,1
20.8,53.4,35.1,51.6,1.31,964.7,20.9,876,989.3,1.35,23.6,0
27.1,66.2,36.3,136.7,1.27,214.4,20.1,823,1008,1.57,10.6,1
25.1,64.4,76.8,101.4,1.91,582.1,20.1,708,993.6,1.65,33.9,1
20.6,56.6,59.4,143.5,1.51,926,20.9,981,999.5,0.8,10.7,1
22.4,68.5,45.3,66.9,1.03,376.4,19.6,621,1015.1,0.72,8.2,1
23,60.2,46.4,77.8,0.53,547.8,19.9,415,983.1,1.4,23.8,1
24.9,48.6,66.1,144.5,1.85,625.1,20.2,470,987.9,1.77,35.3,1
27.2,49.6,75.3,62.7,0.52,543.7,19.6,845,984.9,1.25,73.5,1
23.2,41,36.4,141.5,1.09,508.2,19.6,531,1006.9,0.29,11.4,1
20,70,70.1,128.7,1.12,370.1,19.7,764,1006.7,0.56,88,1
21.9,49.4,61,113.8,1.46,200.8,20.8,853,1019.2,1.53,11.8,1
27.6,42.9,31.4,90.4,1.99,257.4,20.5,427,1000.2,1.42,20.3,1
27.5,69.9,63.3,99.3,1.86,114.3,20.6,418,990.2,1.08,40.7,1
29.9,41.7,37.1,55.3,1.33,149.1,20.8,575,1015.4,0.22,88.2,1
25.7,49.9,66.2,100.8,1.1,199.1,20.1,507,1012.1,1.62,29.7,1
21.4,44.4,64.9,114.3,1.61,943.7,20.5,373,989.7,1.72,20.9,1
20.7,61.1,50.1,142,1.37,181.4,20.9,728,993.5,0.92,5.1,1
25,43.7,50,85.1,1.59,822.9,19.7,452,1002.6,0.23,78.1,0
23.6,52.2,70.5,87.9,0.29,258.8,20.9,839,1011.2,0.9,57.9,1
29.1,56.6,38.7,87.9,1.72,679.8,20.5,820,1015.8,1.86,9.5,1
25.4,62.2,67.8,110.7,0.5,817.7,20.6,969,1002.3,1.81,28.7,1
23.3,43.5,49.4,53.7,1.85,705.8,21,743,998.9,1.14,19.1,0
24.6,67.1,32.5,136.4,0.81,909.6,20.9,607,1017.1,0.32,54.9,1
25.9,59.6,42.8,86.5,1.72,275.4,20.7,829,1010.5,1.48,20.8,1
25.7,66,51.6,146.7,1.01,228.5,20.1,548,1008.7,1.99,69.8,1
22.9,60.2,65.1,87.2,0.23,732.9,19.5,910,986.5,1.22,50.4,1
20.1,50.9,60.1,134.9,1.8,535.5,20.6,358,993.7,0.55,56.2,1
23.1,42.5,64.3,120.8,0.85,169.1,20.1,741,987.7,1.91,40.9,1
24.7,41.6,31.9,121.7,1.17,557.8,19.9,709,996.6,1.57,90,1
26.6,43.2,63.6,113.5,1.65,842.7,20.8,826,1019.2,1.27,71,1
20.1,55.5,31.9,106.9,1.86,971.6,20.3,582,1016.8,0.76,20.9,1
28.5,67.2,57.1,112.9,0.66,820.7,20.4,812,982.4,1.85,61.5,1
21.9,58.2,63.9,102.6,1.49,623.3,20.9,712,984.2,0.51,69,1
26.5,66.8,66.6,100.8,1.99,339.5,20.7,947,983.5,0.94,75,1
26.9,69.7,43.9,99.8,0.79,496.5,20.8,925,1015.3,0.57,87.3,1
20.6,66.7,46.5,81.5,1.12,946.6,19.6,793,1014.3,0.91,19.9,1
24.2,51.6,75.8,126.2,1.11,989.5,20.2,512,993.5,1.26,10.3,1
27.3,51.6,69.2,99.3,0.53,761.3,19.9,982,1000.6,1.59,56.2,1
25.5,43.4,36.3,103,0.68,118.9,20.6,683,1003.8,1.17,96.9,1
24.8,41.9,57.6,134.1,1.99,487.3,20,907,1004,0.31,72.1,1
22.3,60.6,79.1,119.1,1.79,953.4,20.2,861,982.2,1.17,7.1,1
29.3,63,62.9,132.4,1.37,972,20.6,639,1010.2,1.32,54,1
27.5,61.8,61.5,86,0.93,973.4,19.7,589,1018,0.89,42.4,1
27.1,58.1,44.9,91.1,0.59,969.4,19.7,885,996.5,0.46,52.4,1
29.6,58.2,79.2,134.1,0.26,692.6,19.9,569,1016.6,1.74,68.3,1
20.5,63.5,72.3,129.9,1.12,309.6,20.8,708,1019.2,0.48,22.6,1
22.1,63.8,39.3,56.7,2,122.3,20.8,963,994.4,1.75,23.3,1
21.2,49.8,41,142.5,1.76,549.7,19.6,673,987.5,1.65,96.7,1
22.7,54.8,34.3,105.9,1.11,230,20.2,830,992.7,1.07,29.5,1
22.6,40.8,44.3,105.4,0.2,354.9,20.8,947,1004.3,0.93,67.6,1
21.9,64.6,35.8,115.6,0.81,772.8,20.3,510,983.1,1.79,7.8,1
27.1,67.6,43.5,87,1.22,893.5,20.9,428,1015,1.1,43.8,1
23.4,61.6,44.3,75,0.84,259.5,20.5,976,1014.2,1.55,27.2,1
21.2,47.6,76,108.2,1.16,636.8,20,552,1000.8,1.05,25.8,1
28.2,67,69.1,69.5,0.36,644.9,19.6,670,984.1,1.51,20,1
23.7,55.1,66.3,61.3,0.93,536.6,20.3,665,1018.9,0.71,7.1,1
23.5,62.3,51.9,131.8,1.19,936.8,20.9,533,993.5,1.83,58.7,1
20.9,53.5,67.8,129.4,1.09,905.3,19.9,970,1015.9,1.81,68.6,1
28.6,42.7,73.2,82.1,0.52,315.4,20.1,955,985.4,0.73,57.2,1
24.4,50.4,67.3,139.4,1.56,398.8,20.6,431,1011.7,0.7,64.6,1
28.7,41.2,71.5,107.1,1.29,570.8,20.8,685,990.4,1.78,75.2,1
20.2,55.5,56.5,90.1,0.74,713.6,19.8,487,1011.6,0.59,67.7,0
28,56.9,67,116.2,0.84,828,19.9,725,1009.8,0.88,30.3,1
24.6,64.5,76.5,104.5,1.39,912.9,19.6,454,997.5,0.59,13,1
20.1,44.6,65.3,74.4,1.04,632.2,20.8,836,1013.1,0.97,59.6,1
20.9,50.1,34.5,146.2,1.65,513.7,19.8,854,996.7,0.48,66.4,1
27.1,45.3,74.4,94.2,0.46,787.8,20.7,896,1014.5,1.06,99.5,1
26.8,42.2,79.6,90.8,0.72,602.1,20,420,987,1.93,17.6,1
21.8,67.5,53.3,56.3,1.28,641.6,19.6,518,1001.8,1.21,52,1
26.1,47.9,44.4,101.1,1.65,144.9,20.4,453,986.3,0.23,31.3,1
25.9,44.1,51.3,105.2,1.28,347,20.1,692,1017.5,1.65,85.1,1
25.5,64.8,45.2,89.8,0.77,520.6,19.9,884,992.5,0.38,52.7,1
20.6,43.3,41,96.4,0.98,819.7,20.6,871,1013,1.22,18,0
21,41.6,63.3,130.8,1.12,149.2,20.3,736,1008.4,1.07,52,1
29.8,69,40.8,131.1,0.56,292.2,20.5,933,1017.3,0.36,51.2,1
29.2,67.1,37.8,86.7,1.31,243.5,21,527,984.8,0.35,90.9,1
21.9,52.5,52.4,109.9,0.33,304.1,20.9,494,1007.6,1.28,10.7,1
25.1,62.1,79.6,112.9,0.87,303.5,20.8,508,983.1,1.16,30.3,1
23.9,45.4,58.9,145.8,1.11,174.6,20.4,831,1014.2,0.98,19.3,1
21.9,63.1,43.3,126.7,0.57,389.5,20.2,487,980.2,1.89,10.6,1
28.4,54.5,63,101.1,1.06,851.4,20.6,659,984.5,0.41,80.2,1
25.3,54.4,64,135.9,1.33,786.6,20.6,814,991,1.64,37.7,1
29,42.1,32.9,142.7,1.37,441.6,20.6,353,1016.4,1.31,41.2,1
29.3,41.5,40.5,106.6,1.31,135.6,20.1,425,991.3,1.5,86.2,1
26.5,55.3,37.9,55.3,1,144.4,20.4,927,999.9,0.76,81.2,1
28.7,60.2,32.3,106.6,1.57,222.9,19.8,652,980.8,1.55,47.4,1
24.5,40.2,71,86,1.17,709.6,20.6,910,1001.3,0.92,95.4,1
26.4,48.9,36.3,134.3,0.85,694.4,20.2,907,1003.1,1.36,85,1
22.9,45,49,85.4,0.44,705.1,20.3,382,1017.4,1.7,84.3,0
23,52.9,53.5,65.7,0.26,952.2,19.9,480,983.3,1.87,58,0
26.7,67.3,47.3,112.2,0.27,268.1,20.7,932,1007.6,0.9,34.6,1
28.4,43,63.8,74.9,0.23,250.1,20.4,372,1000.2,1.76,24.1,1
20.8,50.7,67.4,105.1,1.67,963.6,20.7,970,983.1,1.52,61.7,1
20,40.3,70.4,75.9,1.35,508.8,20.8,751,1019.9,0.48,86.3,1
22.7,57.7,55.3,51.8,1.88,170.5,20.5,701,980.8,0.57,48.7,0
28.8,55.8,76.5,98.4,1.08,207.8,20.7,363,1002.2,0.93,46,1
20.2,48.5,51.8,113.4,1.01,404,20.1,632,1017,1.14,1.3,1
20.2,69.2,41.1,130.6,0.3,929,20.8,695,1009.5,0.8,76.5,1
24.3,54.5,62.4,51.8,1.38,656.7,20,646,1019.8,1.07,75.6,1
24.5,41.3,45.5,82,1.71,688.8,19.9,931,980.4,0.56,95.9,0
26.1,47.9,33.3,52.8,0.64,893.3,20.1,507,988.5,0.39,68.8,1
21.6,63.6,45.6,82.7,0.22,730.9,19.7,458,984.9,1.16,87.9,1
24.1,54.5,33.5,77.8,0.78,950.6,19.9,951,1002.2,1.15,76.4,0
20.1,67.5,39.9,148.4,1.53,796.8,20.5,700,990.6,1.88,72,1
27.5,46.6,52.2,111.8,1.59,193.6,20.9,467,1012.8,1.25,50.9,1
23.2,61.9,44.4,123.7,0.33,878.1,20.2,422,1004.4,1.32,13.2,1
27.6,48.3,75.2,131.8,0.82,827,20,629,999,1.99,77,1
22.1,55,41.7,91,1.6,794.1,19.8,672,1003.7,0.88,50.2,0
26.1,56.8,54.3,100.5,0.52,831.5,20.3,620,1017.3,1.91,36.9,1
21.4,55.6,35.6,143.4,0.53,327.5,20.1,636,996.8,1.9,90.3,1
28.7,42.1,72.7,128.2,0.39,196.7,19.7,676,1016.5,1.9,24.5,1
21.3,49.1,74.8,147.2,1.75,199,20.9,623,1002.5,0.33,76.5,1
22.8,66.6,48.4,64.3,1.45,248.1,20.6,351,1012.8,1.83,12,1
25.3,48.5,32.4,116.9,1.75,246.6,20.7,506,997.6,1.7,92.9,1
26.3,51.8,42.7,148.2,1.97,932.5,20.7,808,987.6,1.41,0,1
28.1,42.4,39.6,88.6,1.07,419.5,20,637,1005.7,0.24,43,1
28.8,49,34.7,125.8,1.29,613.3,19.6,920,1015.2,1.15,82.5,1
28.6,67.8,77.5,105.5,0.81,965.7,20.3,798,999.7,0.49,97.8,1
21.6,54.6,48.2,113.9,0.43,487.3,19.9,910,981.6,1.84,83.3,1
23,63.7,31.6,146.7,1.15,373,20,579,1006.7,1.95,60.7,1
21.2,49.6,73.4,73.3,1.29,462.4,19.8,888,1009.7,1.39,23.6,1
21,57.3,57.7,68.8,0.3,172.6,21,429,982,0.68,65.4,0
25.3,68.3,49.8,119.4,1.08,561.3,19.9,835,998.8,1.47,94.1,1
23.3,41.3,54.8,104.4,0.5,784.4,21,724,1015,1.47,45.4,1
25.4,65.5,54,87.3,1.09,621.2,19.8,728,1007,1.34,9.9,1
26,43.6,33.9,102.7,0.93,629.9,19.6,915,987,1.98,56.1,1
26.9,49.8,34.7,147.6,0.72,481.4,20.5,475,1003.6,1.21,73.9,1
28.1,43.9,30.9,119,0.74,663.4,19.7,915,996.2,0.85,21.7,1
26.7,69.1,38.8,109.7,0.96,502,19.9,882,992.2,1.44,86.4,1
23,45.8,35.8,111.6,1,269.2,20.5,977,998.8,0.86,10.1,1
23.1,59.9,63.3,78.6,1.03,274.1,19.8,841,1013.7,1.14,86.1,1
20.1,41.1,75.6,127.5,1.01,778.2,20.9,525,1008.3,1.2,25.6,1
26.5,43.5,56.8,93.7,0.68,643.6,20.8,800,996.2,0.61,25.7,1
24.8,51,75.7,86.8,0.87,445.2,20.8,404,1013.3,1.46,29.1,1
23.4,49.3,31,108.3,1.46,868.5,19.7,902,1014.9,1,34.3,1
21.4,53.2,54.8,90.4,1.42,478.8,20.9,416,1015.4,1.88,85.9,0
26.9,45.1,43.6,71.3,1.29,553.3,20.8,986,1006.8,1.18,83.3,1
21.3,43.9,57.8,144.6,0.95,394.2,20.4,638,987.4,0.6,49.4,1
29.6,63.1,54.4,83.8,1.19,773.5,20.7,464,1008.8,1.38,95.9,1
29.3,63.7,66.2,77.4,1.72,484.8,19.9,370,984.8,0.6,50,1
28.4,61,69.5,85.1,0.93,454.3,19.8,607,1010.9,0.95,74.8,1
29.6,53.8,41.9,144.2,1.29,194.7,20.4,789,1006.5,1.04,63.1,1
24.5,45.7,55.4,102.9,1.66,762,20.5,932,1008.8,1.1,89.4,1
29.2,41.7,71,53.8,0.86,588.1,19.7,359,991.9,0.94,22.4,1
29.3,54.6,61.5,123.4,0.87,748.1,20.5,622,999.6,0.89,22.2,1
28.2,58.3,52.2,144.4,0.29,865.2,21,688,1012.4,0.87,23.1,1
27.3,49.1,38.8,128.7,0.76,923,20.8,580,987.5,1.32,33.6,1
22.1,49.4,38.9,140.2,0.91,320.8,20.2,493,982,1.87,96.2,1
21.9,60.3,34.6,123,0.83,712.9,20.1,742,997.6,1.82,75.1,1
24.9,58.1,46.3,148.4,1.4,139.5,20,586,985.1,1.2,89.4,1
29.7,41.4,47.8,71.3,1.56,676.2,19.7,910,992.8,1.27,7.2,1
21.5,42.2,70.6,125.2,1.56,744.7,20.5,474,986.3,1.73,72.6,1
28.4,49,45.8,117.1,0.26,753.8,20.8,642,993.7,1.59,56.1,1
28.8,55.8,55.9,107.8,1.55,968.2,19.6,837,1017.5,1.15,61.5,1
24.8,42.8,68.4,124.7,0.76,375.6,20.8,679,1009.5,0.45,88.2,1
25.8,43.8,53.1,134.5,1.82,338.2,20.6,866,1010,1.36,35.5,1
20.5,40.9,57.7,126.2,1.17,856.7,19.6,852,989.5,1.01,7.2,1
29.5,46.7,76.1,92.6,1.97,598.7,20.9,645,984.4,1.22,92.8,1
20.5,52.6,65.4,96.3,1.65,261.7,20.9,486,1012.4,0.36,63.4,1
29.1,46.3,63.3,57.9,1.29,247.5,20.6,981,1019.6,0.88,44.5,1
20.5,40.4,76.1,62.9,1,833.8,20.8,766,1002.6,1.41,96.1,1
26,56.8,30.7,58.1,1.24,942.6,20.8,878,1001.1,1.62,84,1
26.5,50.2,53.5,135.8,0.74,931.4,19.8,816,1005.2,1.55,43.7,1
29.3,59,44.4,113.8,0.72,364.3,20.1,651,1017,0.24,58.1,1
25.5,46.6,51.4,115.2,1.51,100.6,20.9,788,1007.2,0.54,26.9,1
28,53.6,63.5,81.8,0.89,991.6,19.9,367,990.3,0.24,22.3,1
20.6,43.1,51.6,73,1.13,328.1,20.9,794,982.8,1.34,95.3,0
25.4,61.5,57.8,135.5,1.87,265.8,20.2,374,996.2,0.43,81.4,1
20.4,55.8,63.1,70.7,1.83,854.7,20.2,966,1002.7,0.99,6.7,1
24.6,64.6,60.7,133.2,1.09,206.6,19.5,647,1007.9,1.62,29.6,1
25,52.6,50.5,73.1,0.45,277,19.6,941,980.6,1.23,40.2,0
23.7,45.5,51.5,148.4,0.74,639.7,20.7,996,1017.6,1.81,53.6,1
25.4,59.6,49.4,114.7,0.28,148.6,20.2,366,1000.5,1.22,49.4,1
27.3,51.5,77.2,98.2,1.23,843,19.9,512,997.7,1.08,84.9,1
27.1,54.7,42.9,138.5,1.24,299,19.9,682,999.1,0.28,31,1
22.9,64.3,34.4,130.6,1.4,759.2,20.1,996,980.1,0.64,68.1,1
21.2,43.4,50.5,114.8,1.48,260.6,19.6,400,992.6,1.34,10.6,1
26.3,42.9,34.7,122.8,0.78,979.7,19.6,788,984.5,0.83,99.8,1
28.9,41.4,58.2,114.8,0.58,230.6,20.9,507,1019.7,1.62,66.4,1
23.5,45.1,33.9,119.3,1.61,843.8,20.9,444,1013.3,0.47,3.9,1
28.8,49.4,36.4,96.8,1.28,127.9,19.9,890,996.8,1.81,98.3,1
26.4,44.8,75.3,101.6,0.48,929.6,20.6,711,990.8,1.65,61.5,1
27.5,53.4,45.5,98.3,0.78,855.1,19.9,613,1013.5,1.38,22.8,1
22.7,49.4,35.8,77.3,0.58,509.8,20.9,561,1009.4,0.75,34.5,0
29.9,43.1,50.2,56.2,1.68,183.1,20.5,991,1013.6,1.01,63.7,1
22.2,60.3,68.6,97.3,1.31,510.7,20.8,992,993.5,1.26,45.4,1
27.5,46.4,30.5,127.7,1.68,153.5,20.4,592,989.8,0.4,79.4,1
21,48.1,72.8,84.6,1.95,981.8,19.9,463,1015.5,0.38,74.4,1
28.1,48.1,53.6,121.1,0.99,201.5,20.6,361,1006.1,1.59,35.8,1
21.8,59.3,46.4,136,0.42,490.1,20.1,370,1018.6,0.23,48.1,1
23.3,53.5,58.5,93.6,0.95,759.5,20.5,436,991.3,1.2,73,0
25.3,67.9,77.6,86.1,1.6,764.9,20.8,909,1001.2,0.95,85,1
22.3,47.2,48.6,73,1.21,221,20,423,987.6,0.99,58.5,0
28.2,69.6,49.4,54.7,1.64,643.9,19.8,577,1009.7,1.59,50,1
23.1,69.2,63.2,90.8,0.7,758,19.9,758,1011.8,1.98,67.9,1
29.8,40.9,46.9,60.8,0.67,855,19.5,703,1011.1,1.3,97.1,1
23.7,60.4,33.2,89.6,1.93,585.1,19.9,986,1008.1,1.36,37.4,1
29.5,40.7,45.2,142.1,0.78,327,20.3,481,984.1,1.9,79.5,1
21.8,61.4,49.2,90.2,1.61,966.5,19.7,444,1008.9,1.89,9.1,1
20.2,64.2,35.4,148.7,1.31,685.8,19.8,980,1005.5,0.72,23.6,1
27.3,41.2,34.7,50.7,0.48,162.1,21,617,986,0.63,93.6,1
25.2,50.9,73.7,89.5,0.8,286.6,20.1,813,1010.3,1.25,68.9,1
25.7,60.5,30.1,143.1,0.4,465.6,20.7,797,1017.9,1.04,87.5,1
28.1,69.4,76.3,139.8,1.52,430.3,19.7,727,1019.1,1.51,92.9,1
28,44.9,42.5,84.2,0.5,623.5,21,435,996.9,0.21,31.3,1
25.3,49.7,35.6,94.3,0.66,918.3,19.7,435,986.1,1.48,67.7,1
20.2,52.4,46.6,116.9,0.59,631.8,20.9,761,1019.1,0.22,62.3,1
24.1,65.8,42.6,148.1,1.3,814.2,19.6,508,999,1.82,3.5,1
23.2,57.9,60.2,98,1.67,156.4,20.7,378,1003.6,1.14,74.2,1
25.1,52.7,49.9,52.6,0.8,978.4,20.8,995,1003.5,1.73,44.1,1
20.2,42.2,55.5,146.9,1.45,163.8,19.8,489,1013.2,1.92,69.8,1
22.1,40.6,54,101.4,0.63,212.2,20.4,592,993.5,0.95,50.9,1
24.8,48.1,31.5,110.5,0.91,368.8,20.8,824,986.9,0.31,10.5,1
21.8,50.2,57.2,121.2,0.58,705.3,20.6,389,998.6,1.54,61.9,1
28,53,69.3,96.2,1.89,537.7,20.2,406,1003,0.49,12.5,1
20.3,40.4,74,54.5,1.52,884.8,19.6,747,1018.5,1.7,49,1
27.6,65,47.4,139.2,1.05,575,21,373,985.3,0.62,45.3,1
25.2,62.9,52.4,129,1.31,201.8,19.7,657,1007.6,1.29,53.8,1
24.7,48.8,43.9,100,0.49,406.6,20,821,1006.5,1.73,25.8,0
24.9,69.3,46.7,109.5,0.36,645.4,19.6,368,1009.9,0.52,6.5,1
25.8,50.7,43.8,130.7,0.86,385.3,20.8,730,1001.5,1.02,20.9,1
20,47.2,55.5,88,1.01,982.6,20,951,981.9,1.6,57.1,0
27.6,44.5,58.6,75.4,0.61,110.4,19.7,833,990.7,1.46,0.2,1
28.7,40.9,65.6,54.6,0.68,547.5,20.1,736,993.4,1.51,66.9,1
20.7,62.4,32.7,104.3,0.67,628.9,19.9,491,1014.3,0.41,78.6,1
26.7,43.5,64.7,94.2,1.9,227.5,20.5,768,1013.7,0.57,74.3,1
26.9,62.8,56.6,113.9,1.92,191,20,524,991.8,0.23,22,1
22.8,53.3,38.6,137.3,1.47,176.7,20.5,652,995.7,1.08,11,1
24.2,49.5,31.8,63.7,1.58,116.2,20.9,513,1012.4,0.44,46.9,0
29.4,45.6,78.9,149.4,1.2,253.1,20,656,992.4,0.71,97.2,1
21.5,62,30,109.6,1.85,359.1,19.8,527,998.1,1.74,4.8,1
21.5,52.4,54.2,76.4,0.84,246.5,20.2,468,986.3,0.97,53.7,0
20.2,53.3,69.1,118,1.34,918.6,19.5,904,1011.5,1.17,32.4,1
21.4,66.6,53.5,137.8,1.25,706.8,20.7,581,995.9,1.12,80.3,1
23.7,51.6,34.8,141.5,0.36,683.4,20.1,363,1019.7,1.21,35.7,1
22.9,47.7,63.2,91.9,1.94,715.5,20.7,392,1001.7,1.85,90,1
24.5,48.2,49.7,88.8,0.72,341.7,20.8,498,990.7,0.79,65.9,0
22.9,46.5,37.9,81.3,0.39,116.8,20.7,660,1014.9,1.57,51.3,0
26.7,65.4,30.5,90.3,1.83,766.3,20.3,514,982.7,0.86,40.3,1
20,54.9,67.6,132.3,1.78,538.9,20.4,454,999.5,0.48,37,1
23.3,52.7,58.6,140.3,0.91,983,20.6,378,980.6,0.49,99.6,1
21.8,55.1,72.4,52,1.29,349.3,20.8,580,997.2,1.04,24,1
28.9,56.3,78.9,131,1.2,952.3,20.3,744,1004.2,1.69,42.5,1
22.8,48,56.8,94.9,0.99,182,20.6,498,987.9,0.94,22.8,0
25.8,51.1,52.4,103.7,0.57,240.2,20.8,384,1019,0.21,89.9,1
29.3,68.8,30.7,67.2,1.38,122.9,19.6,375,985.4,1.1,21.4,1
20.6,49.8,37.2,121,1.16,229.5,19.5,682,1019.5,1.79,39.5,1
26.9,52.5,62.4,80.9,1.29,571.4,19.5,702,990.6,0.22,51.9,1
26.1,68.9,59.5,97.1,1.23,935.1,20.7,451,989.5,0.67,50.4,1
27.4,55.1,33.4,122.4,1.65,360.5,20.5,466,1009.7,1.72,6.4,1
20.3,47.8,75,132.4,1.43,730.7,20.6,635,1014.6,1.5,40.4,1
22.1,50.7,44.2,67.6,1.54,326.9,20.2,420,999.2,1.01,12.1,0
24.3,48.6,38,78.2,0.62,760.7,19.5,854,986,0.39,12.4,0
21,58.3,39.8,75.1,0.51,962.1,20.8,769,995.4,1.53,41.8,0
27.4,43.4,70.3,75.3,0.65,631.3,19.6,938,990.4,1.17,90.8,1
28.5,54.7,31.9,103.5,1.47,405.2,19.7,581,1010.9,0.83,81.2,1
23.2,44.9,51.8,95.2,0.23,205.3,19.8,535,1015.8,0.3,14.1,0
27.2,53.1,50.2,63.7,1.11,213.9,20.2,581,993.6,0.46,55.2,1
27.5,48.5,40.9,102.2,0.48,700,20.4,932,1013.8,0.82,65.5,1
27.1,57.6,47.9,107.7,0.82,175.5,21,565,982.9,1.78,30.2,1
26.5,49.9,49.6,76.2,0.82,469.6,20.6,667,1011.2,1.4,30.9,1
22.9,63.9,69.2,85.2,0.74,603.8,19.5,961,1009.3,1.88,65.7,1
24.4,41.3,76,97,0.25,720.8,20.2,395,1019.8,0.96,60.8,1
21,53.6,41.9,133.6,1.61,841.8,20.6,946,996.7,1.22,64.9,1
23.5,67.5,36.7,117.2,0.21,932.2,19.7,664,1011.7,1.85,17,1
28.2,68,76.9,141.4,1.18,420.6,19.5,739,1007.9,0.76,10,1
22.7,65,79,99.4,0.22,226,20,948,1001.1,0.79,15.8,1
23.4,40.6,48.2,103.1,1.77,718.6,19.7,631,997.1,0.55,2.8,1
28.1,40.6,71.5,64.4,1.95,643.5,20.6,950,981.5,1.31,82.8,1
21.6,57.8,59.7,66.4,0.42,982,20.1,452,986.9,1.4,60.9,0
26.4,42.6,74.7,88.9,0.76,516.1,20.1,832,992.6,1.66,26.6,1
22.2,64.8,79.4,105.7,0.7,458.7,19.8,612,1010.9,1.78,2.7,1
25.6,46.4,47,128.5,0.55,674.5,20.5,758,1011,1.65,53.2,1
21.9,52.8,57.5,117.8,1.29,454.6,19.9,638,1002.2,0.79,72,1
26.4,50,67.7,114.9,1.35,598.1,19.5,939,1013.4,1.44,51.3,1
24.6,59.3,64,105.9,1.32,186.9,20.9,970,1019.1,0.39,93.2,1
29.1,55.8,66.2,93.6,1.33,406.5,20,881,986.5,0.41,76.1,1
29.3,53.7,63,141.4,0.36,793.4,20.4,699,981.6,1.39,27.3,1
28.7,54.5,45.3,101.8,0.89,607.9,19.7,612,985,0.27,28.2,1
22.4,56.8,31.1,102.1,0.91,619.4,20.6,745,988.5,0.46,31.6,1
29.8,47.7,52.8,53,0.92,614.2,20.9,383,1017.1,0.75,11.2,1
28.4,69.9,44.6,85.8,1.89,740,19.9,960,1016.9,1.73,77.5,1
23.9,55.1,53.2,75.3,1.11,127.4,19.7,639,990.6,1.13,10.7,0
26.6,65.1,65.9,102.3,0.28,940.1,20.6,707,998.8,0.8,75.5,1
23.3,44.1,50,148,0.61,650.9,20.1,626,999.5,1.46,51.3,1
28.7,48.7,34.3,143.7,0.88,618.8,20.7,448,985,0.54,35.1,1
29.3,64,51.6,99.3,0.68,733.9,20.7,973,993,1.06,60.3,1
29.9,68.1,73.1,138.9,1.04,691.7,20.8,515,1018.5,0.95,60.1,1
27.1,68.5,42.2,124.6,1.14,341.7,20.7,446,1011.8,1.06,79.3,1
23.6,68.2,56.7,109.6,0.26,253.2,20.4,956,1000.3,0.31,83.4,1
27.8,45.6,61.7,131.8,1.35,379.4,20.5,908,1004.2,1.39,40.2,1
29.1,59.1,68.5,86.9,1.93,838.4,20.8,456,993.9,0.44,26.6,1
24.4,40.9,68.5,112.2,1.28,591.4,20.4,781,1002.5,0.21,42.9,1
24.1,43.4,63.8,120.2,1.5,755.6,19.5,438,1013.3,1.05,55.5,1
28.4,54.4,40.3,132.8,1.17,237.7,20.3,935,1017.8,1,59.9,1
24.8,68,33.8,100.1,1.44,812.7,20.4,674,1002.2,1.63,0.4,1
26.3,57.9,45.9,95.1,0.64,810.9,20.5,839,1003.6,1.16,26.6,1
29,67.8,50.1,139,0.89,763.1,20.2,352,1010.3,0.6,5.6,1
28,44.6,61.3,83.9,0.43,473,19.5,691,1007.9,1.47,49.3,1
29.1,54.7,52.5,69.9,0.75,138.1,20.5,828,1015.1,0.59,80.7,1
27.6,50.7,79.5,76.3,0.66,795,20.2,812,987.1,1.58,78.6,1
25.7,68.7,45.9,72,1.42,782.6,19.8,917,993.4,0.72,54.1,1
20.2,42.4,50.9,144.3,1.5,179.3,20.8,385,1005.7,1.3,46.7,1
26.3,63.9,78.5,96.7,1.23,500.3,20.5,418,1015,1.64,94.3,1
21,48,54.8,134.7,1.11,773.2,19.7,631,999.7,1.79,39.7,1
22.7,50.4,65.6,105.5,1.83,642,20.2,686,1017.9,0.84,25,1
26.2,55,79.5,96.2,0.33,979.6,20.8,655,993.5,1.66,69.6,1
27.7,53.2,65.8,88.6,0.58,669.4,21,419,998.4,1.41,54.2,1
28.4,62.9,32.9,149.8,1.55,877.5,20.5,493,996.3,1.21,22.8,1
28.2,48.9,65.3,101.3,1.25,261.6,20.6,374,996.8,0.55,28.5,1
25.1,55.9,70.3,129.1,1.25,802.7,19.8,453,1014.9,0.34,24.7,1
27,52.3,73.8,79.8,0.22,370.6,20.4,420,1015.1,1.84,26.6,1
24.6,56.5,77.5,149.9,0.62,754.3,20.1,598,1010.6,1.17,12.9,1
25.3,51.9,39,134.2,0.22,380.9,19.5,699,989.3,1.16,19.9,1
25.1,44.7,63.5,125.4,0.4,521,19.6,352,1010.8,0.45,83.4,1
20.1,46.4,60.8,87.5,1.97,127.3,21,625,1013.1,1.68,18.9,1
27,48.7,44.9,79.6,1.51,306.8,19.5,461,986.8,0.39,23.8,1
23.8,54.3,32.2,147.1,1.49,390.9,20,517,991.3,0.99,35.5,1
20.7,60.2,71.3,80.5,1.98,168.3,20.5,897,1009.4,1.08,81.3,1
29.5,67.8,75.5,101.2,0.85,518.5,20.5,795,986.7,0.77,59.4,1
26.5,51.9,33.9,87.4,1.44,703.9,19.7,678,1012.2,1.82,62.4,1
20.1,45.6,35,86.3,1.1,139.1,20,355,1013.3,1.23,58.4,0
22.1,42.2,53.2,111.6,0.37,955.5,21,558,995.1,1.03,8.9,1
26.1,48.6,38,104.5,1.16,168.3,20.5,558,988.7,0.64,64.2,1
22.8,46.5,42.7,99.1,1.94,849,19.9,938,1015.6,0.37,98.9,0
29.5,42.3,76.7,86.3,1.72,476.5,20.2,678,1006.8,1.28,7.1,1
20.7,46.3,44.5,128.7,0.49,139.7,20.1,724,981.3,1.05,95.4,1
21.2,68.4,66.7,113.7,1.36,844.1,19.7,443,1000.3,1.62,88.2,1
28.4,57.5,42.4,116.1,1.48,109.6,20.2,705,999.8,1.68,40.2,1
21,41.8,32.6,88,0.81,746.1,20.6,359,986.3,1.92,40.5,0
23.4,40.4,37.7,92.1,0.32,559.7,20.2,757,1011.6,1.12,12.8,0
27.4,51.9,43.1,87.5,1.1,408.8,19.9,425,980.8,1.59,17.1,1
20.4,59.6,68.7,131.4,1.09,284.8,20.6,718,998.7,0.93,44.9,1
29.7,65.5,65.3,79,0.5,929.3,20.1,955,982.9,0.9,74.2,1
23.9,49.9,59.8,137.2,0.29,446.9,19.7,450,1007.5,0.73,91.3,1
22.8,64,75.9,110.3,1.65,812.5,19.8,645,992.9,0.44,37.6,1
26.7,63.5,56.5,109,0.56,358.6,19.7,843,999.1,1.46,92.2,1
23.7,67.1,75.9,143.1,0.69,460.3,20.8,582,1004,0.41,5.6,1
24.1,57.4,49.6,107.8,1.13,717.1,20.5,819,995.9,1.24,94.8,1
20.7,55.2,46.4,100.8,0.24,381.7,20.7,362,1018.5,1.03,41.3,1
22.6,40.3,43.7,60.9,1.39,387.2,20.7,759,1002.1,0.62,74.4,0
25.3,64.3,69,71.5,1.49,820,20,435,1018.6,1.89,86.5,1
25,44.2,40.9,114.8,0.96,232.1,20.2,355,988.6,0.69,17,1
27.2,63.1,53.1,121.4,1.52,224.4,20.9,949,1002.2,1.24,13.1,1
24.6,48,72.1,81.4,1.71,485.7,20.6,834,1004.9,0.91,76.8,1
24.3,53.7,55.9,133.2,1.39,414.2,20.5,732,981.4,1.88,34.5,1
21.1,54.8,68.4,72.2,0.69,318.4,21,621,1005.6,1.89,0.2,1
27.3,59.7,66.6,85.5,1.68,140.2,20.6,704,999.1,1.68,27.1,1
21.9,60.4,56.7,101.4,0.66,131.4,20.1,558,1016.2,0.27,43.2,1
20.5,42.9,62.9,114.7,0.26,101,19.6,689,1000.7,0.23,26.5,1
25.1,57.2,76.3,114.5,0.95,937.3,20.7,571,1018.9,1.04,30.5,1
24.3,49.1,42.8,109.4,0.23,333.6,20.5,933,983.3,0.73,87.8,1
27.6,40.7,55.1,77.5,1.37,749.4,20.8,595,987.9,1.09,79.2,1
24.8,56.1,68.6,116.1,0.94,905.9,19.7,967,1016.7,0.29,15.5,1
27.9,50.8,35.9,149.6,1.62,467.9,20.7,924,984.6,0.93,84.8,1
23.7,57.7,55.2,114.6,1.95,150.2,20.4,396,1018,1.76,48.3,1
23.4,44.6,50,86.6,1.21,699,21,452,980.2,0.97,19.7,0
29.1,45.2,44.3,101.7,0.67,288.9,20.4,810,999.9,0.95,77.9,1
27.3,57.2,71.1,106.3,1.94,295.5,20.6,490,1015.7,1.65,18.4,1
23,61.5,34.2,131.2,1.49,756.6,19.7,889,1014.5,1.54,41.4,1
24.7,52.3,76.5,84.4,1.93,919.2,20.4,945,994.8,0.23,12.8,1
27.5,54.1,37.5,76.4,1.91,430.4,20.9,653,991.1,1.77,60.5,1
26.1,56,34.6,94.5,2,851.7,20.8,969,1002.7,1.97,89.8,1
29.5,51.6,69.3,112,0.35,841.6,20.5,629,1006.5,0.72,25.4,1
23.3,48.1,55.6,94,1.12,705.4,20.1,953,997.7,0.77,72.3,0
28,63.8,78.9,128.7,1.59,871.7,19.5,889,1002.6,1.49,11,1
27.5,44.1,33.3,147.6,1.92,154.4,20.2,703,999.4,1.69,95.1,1
26.3,50.6,60.2,81.2,1.84,883.4,20.3,765,999.2,1.42,32.4,1
20.8,57.5,77.4,98.5,1.83,851.5,19.7,834,990,1.44,74.3,1
21.8,67.4,67.6,143.3,0.77,945.4,20.1,929,1010.4,1.79,72.9,1
29.3,50,55.2,51.4,0.21,316.1,19.7,955,1004.2,1.55,93.6,1
25.9,40.4,31.7,120.2,0.7,621.4,19.8,970,1017.4,1.93,20.8,1
23.1,63.1,73.3,101.9,1.99,110.4,19.9,677,998.8,0.41,36.8,1
20.3,59.3,74.6,138.5,1.46,519.2,20.3,513,999.1,1.01,77.5,1
25.3,49.5,42.9,53.8,1.25,307,19.7,621,1007.2,1.55,50.4,1
28.9,68.1,70.4,113.6,0.75,984.7,19.9,612,982.3,1.96,58.8,1
25.6,59.7,54.9,53.2,1.3,744.6,20.1,814,1006,0.76,34.8,1
24.9,69.4,78.3,91.6,0.68,372.3,19.9,465,1004.3,1.08,40.8,1
22.1,54.5,47.1,104.2,1.42,670,20.2,571,1008.2,1.09,9.4,1
21.7,43.1,60.6,59.4,1.56,118.5,19.9,712,982.9,1.68,49.3,1
28.5,58,64.1,149.4,0.62,661.6,20.2,833,999.5,1.33,82.7,1
26.8,42,45.4,78.8,1.85,881,20.1,939,1015.8,1.8,85.5,1
28.5,54.4,38.9,97.7,1.09,540.9,20.3,896,1016.1,1.7,55.4,1
26.2,54.2,49.6,141.5,0.43,476.6,20,925,1014.9,1.03,2.1,1
22.3,54.3,51.2,136,1.18,720.7,20.2,976,996.4,1.17,25,1
28.9,50,37.4,59.7,0.22,480.6,19.8,717,1000.8,1.42,8.6,1
24.6,62.3,79.3,116.7,0.64,744.9,20.4,965,992.2,0.78,16,1
22.1,63.7,38.4,52.8,1.33,978.4,20,421,1015.9,1.8,97.6,1
27,55.1,38.3,120.5,0.72,354.7,19.9,351,1008.3,1.62,19.4,1
22.6,55.4,46.5,136.1,1.05,819.6,20.4,432,993.9,0.95,1.7,1
23.6,48.2,55.3,83.6,1.51,558.9,19.7,551,1011.5,1.97,2,0
27,47.6,32,90.3,1.88,110.6,20.4,627,987.4,0.58,27.1,1
23,55.4,65.7,142.6,0.36,958.9,20.9,823,992.4,1.01,38.4,1
24.3,69.4,34.4,142.2,1.06,661.4,20.7,862,1012,1.25,99.7,1
24.6,62.5,63.4,149.1,1.48,247.6,20.9,659,982.4,1.38,88.3,1
25.8,50.6,71,128.3,1.18,238.9,19.9,620,1016.4,1.68,12.8,1
30,47.8,66.2,140.8,0.62,917.4,20,943,991.3,1.92,5.4,1
27.1,56,53.9,72.3,1.47,271.7,20.3,398,990.2,0.96,78.7,1
29.7,41.8,70.6,80.1,1.19,361.1,20.4,757,993.3,0.27,14.7,1
29.2,69.9,69,78.7,0.92,765.6,21,918,1008.2,1.83,43.5,1
24.9,67.8,56,98.8,1.24,720.3,19.7,517,998.8,0.77,62.3,1
26.5,63.1,37.8,124.2,1.28,151.8,20.7,510,980.1,0.88,81.9,1
23.7,58,60.3,86.5,1.83,552.9,20.2,908,1005.3,0.3,24.3,1
28,41.5,72.8,115.8,0.98,411.8,19.5,717,985.2,1.96,86.8,1
28.9,66.6,57.1,114.6,1.18,146.1,20.6,518,996,0.96,62.6,1
22.9,69.1,60.4,89.9,1.36,455.9,20.7,985,1003.6,1.3,15.4,1
27.9,63.6,41.9,78.9,1.89,843.1,20.5,503,986.3,1.36,53.6,1
22.7,54.4,67.3,70.5,0.73,411.5,20.6,975,995.1,0.73,88.9,1
30,60.1,79.5,116,1.52,449.8,20.1,983,1010.4,1.74,97.3,1
22.7,61.5,49.7,117.7,1.06,994.4,20.6,436,991.4,1.78,32.7,1
22.9,48.1,37.2,108.2,0.5,482.2,20.2,422,980.7,1.14,69.6,1
29.4,45.4,35.2,55.2,0.98,660.8,20.8,534,985.3,1.49,43.5,1
22.9,41.5,54.4,85.5,0.65,725.2,20.7,418,982,1.73,1,0
29.4,58.8,46.1,74.6,0.22,311.9,19.7,603,992.2,1.12,74.7,1
24.6,58,69.5,71.5,0.32,578.6,19.6,678,997.3,1.02,51.3,1
27.1,48.2,36.1,105.6,0.79,498.2,20.5,926,992.9,1.2,86.1,1
22.2,68.2,60,149.2,0.36,213.9,20.7,448,1003.3,0.33,89.2,1
20.3,62.5,67.9,145.3,0.3,637.2,20.1,494,980.1,1.93,59.2,1
28.2,64.8,33.3,67.1,0.76,388.6,20.5,372,999.8,0.58,38.2,1
25.4,54,36.4,115,0.33,440.4,20.6,572,1018.9,0.41,95.8,1
20.9,46.9,32.3,120.5,1.73,490.7,20.9,893,1005.2,1.72,29.7,1
23.5,67.2,75,147.6,1.82,214.6,20.7,510,995.2,1.81,1,1
26.8,54.3,38.1,82.1,0.6,890,20.2,929,1005,0.94,25.4,1
28.6,61,57.4,111,0.36,526.5,19.8,847,1018,0.8,32.5,1
29.2,52.5,78.1,52.4,0.75,699.6,20.8,368,985.6,0.83,39,1
25.1,67.9,73.7,63.5,0.51,421.9,19.9,613,1002.9,0.24,39.7,1
23,61.4,32.8,98.9,1.24,655.6,20.1,365,994.7,0.86,95.9,1
24.4,62.7,67.5,76.6,1.23,904.9,20.2,493,1001.1,0.72,68.8,1
24.7,53.8,79.2,89.2,0.85,386.7,20.8,706,1004,0.53,54.1,1
22.7,61.9,71.6,121.5,1.51,561.2,20.6,888,985.6,0.21,24.5,1
27,43,75.4,71.5,0.57,263.4,19.5,441,1015,1.31,18.8,1
22.9,54.3,77.7,74.7,1.52,495.5,19.9,411,989,1.72,30.9,1
29.9,41.2,36.4,72.5,1.66,890.7,19.6,761,985.3,0.44,2.2,1
20.5,47.9,33.3,86.9,1.7,393.7,20.6,837,1006.4,0.77,75,0
21.4,66.9,42.1,85.3,1.91,620.6,20,431,1007.2,0.62,50.9,1
28.9,60.8,49.7,87.2,1.02,259.3,20.5,998,981,1.29,14.5,1
28,65.7,54.1,128.3,0.46,542.9,20.1,689,981.8,1.55,7.9,1
26.6,40.6,71.6,67.5,1.13,335.3,20.6,551,1002.3,1.37,15.4,1
26.5,45.5,67.5,83.9,1.48,143.1,20.1,453,1009.6,0.65,26.1,1
26.5,43.5,77.4,72.5,2,546.2,20.7,553,1015.5,0.69,66.8,1
28.1,44.9,52.1,99.4,0.76,533.6,20,758,1006.8,1.34,23.2,1
29,65.9,55.5,93.3,0.88,736.5,20.5,455,993.6,0.94,34.9,1
